Rk,Player,Pos,Age,Tm,G,GS,MP,FG,FGA,FG%,3P,3PA,3P%,2P,2PA,2P%,eFG%,FT,FTA,FT%,ORB,DRB,TRB,AST,STL,BLK,TOV,PF,PTS,Player-additional
1,Precious Achiuwa,C-PF,24,TOT,43,4,18.9,2.9,6.3,.467,0.3,1.5,.238,2.6,4.8,.536,.494,0.8,1.3,.611,2.3,3.4,5.7,1.3,0.6,0.7,1.0,1.7,7.0,achiupr01
1,Precious Achiuwa,C,24,TOR,25,0,17.5,3.1,6.8,.459,0.5,1.9,.277,2.6,4.9,.528,.497,1.0,1.7,.571,2.0,3.4,5.4,1.8,0.6,0.5,1.2,1.6,7.7,achiupr01
1,Precious Achiuwa,PF,24,NYK,18,4,20.9,2.7,5.6,.480,0.1,0.9,.125,2.6,4.7,.548,.490,0.5,0.7,.750,2.6,3.4,6.1,0.6,0.4,0.9,0.7,1.9,5.9,achiupr01
2,Bam Adebayo,C,26,MIA,40,40,34.8,7.6,15.2,.500,0.0,0.3,.091,7.6,14.9,.508,.501,5.2,6.7,.779,2.3,8.5,10.7,4.1,1.0,1.0,2.5,2.5,20.4,adebaba01
3,Ochai Agbaji,SG,23,UTA,51,10,19.7,2.1,4.9,.426,0.9,2.8,.331,1.2,2.1,.551,.520,0.3,0.4,.750,0.7,1.8,2.5,0.9,0.5,0.6,0.7,1.3,5.4,agbajoc01
4,Santi Aldama,PF,23,MEM,38,12,24.1,4.0,9.2,.431,1.7,4.8,.348,2.3,4.4,.521,.521,0.9,1.5,.625,1.2,4.5,5.7,1.9,0.7,0.7,1.1,1.5,10.5,aldamsa01
5,Nickeil Alexander-Walker,SG,25,MIN,50,16,23.1,2.5,5.8,.423,1.4,3.9,.363,1.1,2.0,.541,.543,0.5,0.7,.743,0.4,1.5,1.9,2.5,0.9,0.5,0.9,1.9,6.8,alexani01
6,Grayson Allen,SG,28,PHO,44,44,32.8,4.4,8.5,.516,2.6,5.3,.491,1.8,3.3,.556,.668,1.6,1.9,.878,0.7,3.4,4.0,2.9,0.8,0.6,1.4,2.1,13.0,allengr01
7,Jarrett Allen,C,25,CLE,42,42,30.3,6.4,9.9,.646,0.0,0.0,.000,6.4,9.9,.647,.646,2.7,3.6,.750,3.6,7.0,10.7,2.8,0.9,1.1,1.8,2.3,15.5,allenja01
8,Jose Alvarado,PG,25,NOP,31,0,16.1,2.4,5.8,.413,1.3,3.4,.390,1.1,2.4,.446,.528,0.7,1.1,.657,0.4,1.7,2.1,1.8,1.0,0.3,0.7,1.5,6.8,alvarjo01
9,Kyle Anderson,PF,30,MIN,50,2,21.9,2.4,5.2,.465,0.1,0.6,.194,2.3,4.6,.502,.477,1.2,1.8,.674,0.7,2.7,3.5,3.9,0.8,0.6,1.2,1.5,6.2,anderky01
10,Giannis Antetokounmpo,PF,29,MIL,48,48,35.4,11.7,19.1,.613,0.5,1.8,.256,11.2,17.3,.650,.625,7.5,11.3,.662,2.6,8.8,11.4,6.4,1.4,1.1,3.6,3.0,31.3,antetgi01
11,Thanasis Antetokounmpo,PF,31,MIL,19,0,4.1,0.4,0.7,.500,0.0,0.0,,0.4,0.7,.500,.500,0.0,0.0,,0.2,0.2,0.4,0.5,0.1,0.2,0.5,0.7,0.7,antetth01
12,Cole Anthony,PG,23,ORL,49,0,23.3,4.1,9.6,.426,1.1,3.3,.323,3.0,6.2,.480,.482,2.9,3.4,.840,0.9,3.1,4.0,3.2,0.8,0.4,1.8,2.5,12.1,anthoco01
13,OG Anunoby,SF,26,TOT,41,41,34.1,5.8,11.7,.498,2.1,5.5,.379,3.7,6.1,.606,.588,1.6,2.0,.774,1.0,3.2,4.2,2.3,1.3,0.7,1.5,2.3,15.3,anunoog01
13,OG Anunoby,SF,26,TOR,27,27,33.3,5.8,11.9,.489,2.3,6.0,.374,3.6,5.9,.608,.584,1.2,1.7,.717,0.9,3.0,3.9,2.7,1.0,0.5,1.6,2.3,15.1,anunoog01
13,OG Anunoby,SF,26,NYK,14,14,35.7,5.8,11.2,.516,1.8,4.6,.391,4.0,6.6,.602,.596,2.3,2.7,.842,1.1,3.6,4.6,1.5,1.8,1.1,1.4,2.4,15.6,anunoog01
14,Ryan Arcidiacono,PG,29,NYK,20,0,2.3,0.0,0.3,.000,0.0,0.3,.000,0.0,0.0,,.000,0.0,0.0,,0.0,0.4,0.4,0.2,0.1,0.0,0.1,0.3,0.0,arcidry01
15,Deni Avdija,SF,23,WAS,49,49,27.5,4.7,9.2,.512,1.0,2.6,.391,3.7,6.6,.560,.567,2.2,2.9,.743,1.0,5.1,6.1,3.8,0.9,0.4,1.9,2.5,12.7,avdijde01
16,Deandre Ayton,C,25,POR,34,34,31.9,6.4,11.4,.557,0.0,0.0,,6.4,11.4,.557,.557,1.1,1.4,.809,3.1,7.1,10.2,1.6,1.0,0.7,1.8,2.3,13.8,aytonde01
17,Udoka Azubuike,C,24,PHO,12,0,8.5,1.3,1.8,.727,0.0,0.0,,1.3,1.8,.727,.727,0.3,0.9,.273,0.9,1.7,2.6,0.3,0.0,0.5,0.3,1.4,2.9,azubuud01
18,Ibou Badji,C,21,POR,13,1,12.6,0.7,1.2,.600,0.0,0.0,,0.7,1.2,.600,.600,0.2,0.5,.500,1.4,2.0,3.4,0.6,0.2,1.3,0.7,2.5,1.6,badjiib01
19,Marvin Bagley III,C,24,TOT,34,12,19.7,4.5,7.6,.597,0.1,0.3,.222,4.5,7.3,.610,.601,2.3,3.1,.752,2.3,3.1,5.4,1.1,0.3,0.5,1.3,1.9,11.4,baglema01
19,Marvin Bagley III,C,24,DET,26,10,18.4,4.1,7.0,.591,0.0,0.2,.167,4.1,6.7,.606,.594,1.9,2.3,.820,1.8,2.8,4.5,1.0,0.2,0.5,1.1,1.5,10.2,baglema01
19,Marvin Bagley III,C,24,WAS,8,2,24.0,5.9,9.6,.610,0.1,0.4,.333,5.8,9.3,.622,.617,3.6,5.5,.659,4.1,4.3,8.4,1.4,0.6,0.4,2.0,3.0,15.5,baglema01
20,Amari Bailey,PG,19,CHO,2,0,5.5,1.0,3.0,.333,0.0,1.0,.000,1.0,2.0,.500,.333,0.5,1.0,.500,1.0,0.0,1.0,0.0,0.0,0.0,0.5,0.0,2.5,baileam01
21,Patrick Baldwin Jr.,SF,21,WAS,17,0,7.2,0.9,2.4,.390,0.6,1.3,.455,0.4,1.1,.316,.512,0.5,0.7,.667,0.4,1.7,2.1,0.4,0.1,0.2,0.4,1.2,2.9,baldwpa01
22,LaMelo Ball,PG,22,CHO,22,22,32.3,8.3,19.2,.433,3.2,9.0,.355,5.1,10.3,.500,.515,4.1,4.7,.865,1.3,3.8,5.1,8.0,1.8,0.2,3.8,3.6,23.9,ballla01
23,Mo Bamba,C,25,PHI,27,0,9.9,1.7,3.2,.523,0.4,0.8,.455,1.3,2.4,.547,.581,0.6,0.9,.652,1.4,2.1,3.4,0.5,0.4,0.9,0.6,1.3,4.3,bambamo01
24,Paolo Banchero,PF,21,ORL,50,50,34.9,8.2,18.0,.453,1.5,4.1,.362,6.7,13.9,.480,.494,5.1,7.3,.702,1.2,5.7,6.9,5.1,1.0,0.5,3.0,2.1,23.0,banchpa01
25,Desmond Bane,SG,25,MEM,37,37,34.5,8.9,18.8,.474,3.3,8.6,.384,5.6,10.2,.551,.563,3.3,3.8,.864,0.9,3.6,4.6,5.3,1.0,0.5,2.7,2.9,24.4,banede01
26,Dalano Banton,PG,24,BOS,24,1,7.1,0.8,2.1,.373,0.1,0.7,.125,0.7,1.5,.486,.392,0.7,0.8,.800,0.5,1.0,1.5,0.8,0.2,0.1,0.4,0.8,2.3,bantoda01
27,Dominick Barlow,PF,20,SAS,22,1,13.4,1.8,3.6,.494,0.1,0.3,.429,1.6,3.3,.500,.513,0.8,1.3,.607,1.2,2.2,3.4,1.2,0.4,0.5,0.2,1.5,4.5,barlodo01
28,Harrison Barnes,PF,31,SAC,48,48,30.1,4.1,8.7,.477,1.9,4.8,.396,2.3,3.9,.578,.586,1.9,2.3,.809,0.9,2.1,2.9,1.3,0.7,0.2,0.8,1.3,12.0,barneha02
29,Scottie Barnes,SG,22,TOR,49,49,35.4,7.6,15.8,.480,1.9,5.2,.365,5.7,10.6,.537,.540,3.2,4.2,.767,2.3,5.9,8.1,5.8,1.3,1.5,2.7,2.0,20.3,barnesc01
30,RJ Barrett,SG,23,TOT,40,40,31.2,7.0,14.9,.467,1.6,4.6,.341,5.4,10.3,.524,.520,3.8,5.0,.763,0.9,4.4,5.3,2.8,0.5,0.4,1.9,2.2,19.3,barrerj01
30,RJ Barrett,SG,23,NYK,26,26,29.5,6.3,14.9,.423,1.7,5.0,.331,4.7,9.9,.469,.478,4.0,4.8,.831,0.7,3.5,4.3,2.4,0.5,0.3,1.8,1.7,18.2,barrerj01
30,RJ Barrett,SG,23,TOR,14,14,34.4,8.1,14.8,.551,1.4,3.9,.364,6.7,10.9,.618,.599,3.4,5.3,.649,1.1,6.0,7.1,3.5,0.6,0.4,1.9,2.9,21.1,barrerj01
31,Charles Bassey,C,23,SAS,19,0,10.8,1.5,2.1,.725,0.0,0.1,.000,1.5,2.1,.744,.725,0.3,0.3,.833,1.2,2.8,4.0,1.1,0.4,0.9,0.8,1.6,3.3,bassech01
32,Emoni Bates,SF,20,CLE,10,0,7.6,0.6,2.5,.240,0.5,2.0,.250,0.1,0.5,.200,.340,0.1,0.2,.500,0.1,0.9,1.0,0.6,0.1,0.2,0.1,0.5,1.8,batesem01
33,Keita Bates-Diop,SF,28,PHO,39,8,15.3,1.6,3.8,.427,0.5,1.6,.313,1.1,2.2,.512,.493,0.7,0.9,.722,0.8,1.8,2.6,0.9,0.6,0.5,0.3,0.8,4.5,bateske01
34,Nicolas Batum,PF,35,TOT,34,27,24.9,2.1,4.0,.519,1.3,2.9,.454,0.8,1.1,.684,.681,0.3,0.4,.643,1.2,2.6,3.9,2.3,0.7,0.7,0.6,2.0,5.7,batumni01
34,Nicolas Batum,PF,35,LAC,3,0,18.0,1.0,2.7,.375,0.7,2.3,.286,0.3,0.3,1.000,.500,0.0,0.0,,0.0,2.3,2.3,1.7,1.0,1.3,0.3,1.7,2.7,batumni01
34,Nicolas Batum,PF,35,PHI,31,27,25.5,2.2,4.1,.528,1.4,2.9,.467,0.8,1.2,.676,.693,0.3,0.5,.643,1.4,2.6,4.0,2.4,0.6,0.7,0.6,2.0,6.0,batumni01
35,Bradley Beal,SG,30,PHO,26,26,33.3,7.1,14.3,.496,1.5,4.3,.345,5.6,9.9,.562,.549,2.5,3.2,.780,0.8,3.4,4.2,4.6,0.8,0.3,2.4,2.7,18.1,bealbr01
36,Malik Beasley,SG,27,MIL,48,48,29.5,4.1,8.5,.477,2.8,6.1,.451,1.3,2.4,.544,.639,0.3,0.4,.650,0.6,3.4,4.0,1.4,0.8,0.1,0.7,2.1,11.2,beaslma01
37,MarJon Beauchamp,SF,23,MIL,36,1,15.0,1.9,3.9,.482,0.7,1.8,.397,1.2,2.1,.553,.572,0.3,0.6,.600,0.6,1.8,2.3,0.8,0.3,0.2,0.7,1.3,4.8,beaucma01
38,Jules Bernard,SG,24,WAS,6,0,4.7,0.5,2.0,.250,0.2,1.3,.125,0.3,0.7,.500,.292,0.0,0.0,,0.3,0.5,0.8,0.8,0.2,0.2,0.3,0.7,1.2,bernaju01
39,Dāvis Bertāns,PF,31,OKC,15,0,6.1,0.7,1.7,.385,0.7,1.6,.417,0.0,0.1,.000,.577,0.9,1.0,.933,0.1,0.5,0.7,0.6,0.2,0.2,0.1,0.7,2.9,bertada01
40,Patrick Beverley,PG,35,PHI,45,5,19.4,2.1,5.0,.427,0.7,2.3,.317,1.4,2.7,.521,.500,1.1,1.4,.803,0.6,2.5,3.1,3.0,0.5,0.4,1.0,1.8,6.1,beverpa01
41,Saddiq Bey,SF,24,ATL,48,36,32.3,4.4,10.6,.413,1.7,5.6,.303,2.7,5.1,.533,.492,2.5,3.0,.814,2.6,3.9,6.5,1.5,0.9,0.1,0.9,1.6,12.9,beysa01
42,Goga Bitadze,C,24,ORL,41,31,19.7,2.7,4.4,.615,0.0,0.2,.200,2.6,4.1,.639,.620,1.1,1.7,.676,2.3,3.7,6.1,1.6,0.7,1.5,0.8,2.2,6.5,bitadgo01
43,Onuralp Bitim,SG,24,CHI,1,0,3.0,0.0,0.0,,0.0,0.0,,0.0,0.0,,,0.0,0.0,,0.0,0.0,0.0,0.0,0.0,0.0,0.0,0.0,0.0,bitimon01
44,Bismack Biyombo,C,31,MEM,30,27,23.9,2.2,4.0,.563,0.0,0.0,,2.2,4.0,.563,.563,0.7,1.5,.478,1.9,4.5,6.4,1.7,0.3,1.1,1.3,2.7,5.2,biyombi01
45,Anthony Black,PG,20,ORL,46,29,19.0,1.9,3.8,.497,0.5,1.4,.381,1.4,2.4,.563,.566,0.9,1.3,.656,0.5,1.7,2.3,1.6,0.6,0.4,0.9,2.0,5.2,blackan01
46,Leaky Black,SF,24,CHO,19,0,7.8,0.7,1.6,.452,0.4,0.6,.583,0.4,1.0,.368,.565,0.3,0.5,.600,0.3,0.9,1.3,0.6,0.3,0.3,0.1,0.6,2.2,blackle01
47,Bogdan Bogdanović,SG,31,ATL,47,6,28.8,6.1,14.1,.432,3.1,8.4,.370,3.0,5.6,.525,.543,1.9,2.1,.907,0.5,2.6,3.1,2.7,1.3,0.2,1.2,2.4,17.2,bogdabo01
48,Bojan Bogdanović,PF,34,DET,28,27,32.9,7.1,15.2,.468,3.1,7.4,.415,4.0,7.8,.518,.569,2.9,3.7,.779,0.5,2.9,3.4,2.5,0.8,0.1,2.3,2.0,20.2,bogdabo02
49,Bol Bol,PF,24,PHO,13,0,7.8,1.6,2.3,.700,0.2,0.5,.429,1.4,1.8,.783,.750,0.3,0.4,.800,0.8,1.8,2.6,0.5,0.3,0.5,0.6,0.8,3.8,bolbo01
50,Marques Bolden,C,25,MIL,2,0,1.5,0.0,0.0,,0.0,0.0,,0.0,0.0,,,0.0,0.0,,0.0,1.0,1.0,0.0,0.0,0.0,0.0,0.5,0.0,boldema01
51,Devin Booker,PG,27,PHO,41,41,36.0,9.8,19.5,.500,2.3,5.9,.387,7.5,13.6,.549,.559,6.0,6.9,.879,0.7,4.1,4.8,7.2,0.9,0.4,2.6,3.0,27.8,bookede01
52,Brandon Boston Jr.,SF,22,LAC,13,0,7.8,1.5,3.8,.408,0.5,1.3,.353,1.1,2.5,.438,.469,0.5,0.6,.875,0.5,0.5,1.1,0.4,0.2,0.2,0.3,1.1,4.1,bostobr01
53,Chris Boucher,PF,31,TOR,44,0,14.0,2.1,4.4,.477,0.6,2.0,.326,1.5,2.4,.598,.549,1.3,1.8,.753,1.2,2.8,4.0,0.4,0.3,0.4,0.5,1.4,6.1,bouchch01
54,James Bouknight,SG,23,CHO,14,0,5.8,1.3,2.9,.439,0.9,2.1,.433,0.4,0.8,.455,.598,0.1,0.1,.500,0.1,0.6,0.6,0.4,0.1,0.1,0.1,0.2,3.6,bouknja01
55,Jamaree Bouyea,PG,24,POR,6,0,9.5,0.8,3.5,.238,0.0,1.3,.000,0.8,2.2,.385,.238,0.0,0.0,,0.3,1.3,1.7,1.3,0.0,0.0,1.3,0.5,1.7,bouyeja01
56,Malaki Branham,PG,20,SAS,45,21,20.5,3.3,7.6,.431,0.9,3.0,.301,2.4,4.6,.517,.491,0.6,0.6,.929,0.3,1.7,2.0,2.2,0.4,0.1,1.1,1.2,8.1,branhma01
57,Christian Braun,SG,22,DEN,51,0,18.8,2.5,5.7,.447,0.6,1.8,.359,1.9,3.9,.487,.503,1.2,1.7,.729,0.8,2.7,3.5,1.4,0.4,0.4,0.7,1.5,7.0,braunch01
58,Mikal Bridges,SF,27,BRK,48,48,35.1,7.7,16.9,.455,2.5,6.7,.371,5.2,10.2,.510,.528,4.1,5.0,.824,0.9,4.1,5.0,3.7,0.9,0.4,2.3,1.7,21.9,bridgmi01
59,Miles Bridges,SF,25,CHO,37,35,37.1,7.9,17.5,.451,2.3,6.5,.355,5.6,10.9,.509,.518,2.6,3.0,.866,0.8,6.6,7.4,3.1,1.1,0.6,2.0,1.9,20.7,bridgmi02
60,Oshae Brissett,SF,25,BOS,32,0,11.3,1.3,2.9,.462,0.3,1.2,.297,1.0,1.8,.571,.522,0.9,1.3,.683,1.1,1.9,3.0,0.6,0.4,0.1,0.3,1.1,3.9,brissos01
61,Malcolm Brogdon,PG,31,POR,39,25,28.7,5.6,12.7,.440,2.1,5.1,.412,3.5,7.6,.458,.522,2.4,3.0,.819,0.7,3.1,3.8,5.5,0.7,0.2,1.5,1.5,15.7,brogdma01
62,Armoni Brooks,PG,25,BRK,10,0,10.4,1.5,4.6,.326,1.1,3.2,.344,0.4,1.4,.286,.446,0.1,0.2,.500,0.7,1.1,1.8,0.5,0.1,0.1,0.3,0.3,4.2,brookar01
63,Dillon Brooks,SF,28,HOU,40,40,31.1,4.9,10.8,.456,1.9,4.8,.389,3.1,6.0,.508,.542,1.9,2.3,.833,0.7,2.8,3.5,1.6,1.0,0.1,1.4,3.7,13.5,brookdi01
64,Bruce Brown,SG-PG,27,TOT,41,37,29.2,4.4,9.3,.467,1.0,2.9,.331,3.4,6.5,.528,.518,1.9,2.2,.837,0.9,3.9,4.8,2.8,1.1,0.4,1.2,2.5,11.6,brownbr01
64,Bruce Brown,SG,27,IND,33,33,29.7,4.5,9.5,.475,1.0,3.1,.327,3.5,6.5,.545,.527,2.0,2.5,.817,0.8,3.9,4.7,3.0,1.1,0.2,1.2,2.5,12.1,brownbr01
64,Bruce Brown,PG,27,TOR,8,4,27.1,3.8,8.6,.435,0.8,2.1,.353,3.0,6.5,.462,.478,1.3,1.3,1.000,1.4,4.0,5.4,2.0,1.1,0.9,1.3,2.5,9.5,brownbr01
65,Charlie Brown Jr.,SG,26,NYK,4,0,1.5,0.3,1.0,.250,0.3,0.8,.333,0.0,0.3,.000,.375,0.0,0.0,,0.0,0.0,0.0,0.0,0.0,0.3,0.5,0.3,0.8,brownch02
66,Greg Brown III,PF,22,DAL,6,0,6.7,0.8,1.8,.455,0.2,0.5,.333,0.7,1.3,.500,.500,0.7,1.5,.444,0.5,1.0,1.5,0.7,0.0,0.7,0.7,0.8,2.5,browngr01
67,Jaylen Brown,SF,27,BOS,46,46,33.2,8.6,17.5,.491,2.0,5.8,.348,6.6,11.7,.562,.549,3.1,4.3,.727,1.1,4.3,5.4,3.7,1.1,0.6,2.4,2.6,22.3,brownja02
68,Kendall Brown,SG,20,IND,5,0,4.0,0.6,1.2,.500,0.0,0.2,.000,0.6,1.0,.600,.500,0.8,1.2,.667,0.4,0.0,0.4,0.4,0.0,0.0,0.0,0.8,2.0,brownke03
69,Kobe Brown,PF,24,LAC,30,0,9.0,0.7,2.0,.367,0.4,1.3,.289,0.4,0.7,.500,.458,0.0,0.1,.500,0.3,1.1,1.4,0.6,0.2,0.1,0.2,1.3,1.9,brownko01
70,Moses Brown,C,24,POR,9,4,9.1,1.0,2.3,.429,0.0,0.0,,1.0,2.3,.429,.429,0.0,0.4,.000,2.0,3.1,5.1,0.2,0.2,0.3,0.4,1.2,2.0,brownmo01
71,Troy Brown Jr.,SF,24,MIN,37,3,11.1,1.4,3.2,.441,0.8,2.3,.369,0.6,0.9,.618,.572,0.5,0.6,.864,0.4,1.6,1.9,0.9,0.2,0.1,0.5,0.7,4.2,browntr01
72,Jalen Brunson,PG,27,NYK,48,48,35.9,9.7,20.1,.481,2.7,6.6,.413,7.0,13.6,.514,.548,5.2,6.2,.835,0.6,3.3,3.9,6.5,0.9,0.2,2.3,2.0,27.3,brunsja01
73,Thomas Bryant,C,26,MIA,25,3,10.4,1.8,3.1,.571,0.0,0.2,.000,1.8,2.9,.603,.571,0.7,0.9,.818,1.0,2.1,3.1,0.6,0.2,0.2,0.6,1.0,4.2,bryanth01
74,Kobe Bufkin,SG,20,ATL,3,0,2.0,0.3,1.3,.250,0.3,0.7,.500,0.0,0.7,.000,.375,0.3,0.7,.500,0.3,0.7,1.0,0.3,0.0,0.0,0.0,0.0,1.3,bufkiko01
75,Reggie Bullock,SF,32,HOU,20,0,9.0,0.9,2.1,.405,0.6,1.6,.387,0.3,0.6,.455,.548,0.1,0.1,1.000,0.2,1.3,1.4,0.5,0.2,0.1,0.3,0.5,2.4,bullore01
76,Alec Burks,SG,32,DET,42,0,20.8,3.6,9.4,.388,2.2,5.7,.392,1.4,3.7,.383,.508,2.7,3.0,.898,0.4,2.1,2.5,1.6,0.5,0.3,0.8,1.5,12.3,burksal01
77,Jared Butler,SG,23,WAS,17,0,7.5,1.6,2.9,.560,0.6,1.4,.417,1.1,1.5,.692,.660,0.7,0.9,.800,0.0,0.6,0.6,1.8,0.5,0.1,0.6,0.8,4.6,butleja02
78,Jimmy Butler,PF,34,MIA,35,35,33.9,6.8,13.6,.499,1.0,2.2,.442,5.8,11.4,.510,.535,7.0,8.0,.871,2.1,3.1,5.2,4.3,1.2,0.3,1.7,1.1,21.5,butleji01
79,Jamal Cain,PF,24,MIA,14,1,14.9,2.1,4.7,.439,0.6,1.8,.320,1.5,2.9,.512,.500,1.0,1.4,.737,0.9,1.2,2.1,0.2,0.6,0.3,0.3,1.1,5.7,cainja01
80,Kentavious Caldwell-Pope,SG,30,DEN,49,49,32.4,3.6,8.0,.446,1.5,3.9,.381,2.1,4.1,.507,.538,1.7,1.8,.920,0.4,1.9,2.3,2.3,1.3,0.5,1.0,2.0,10.2,caldwke01
81,Toumani Camara,PF,23,POR,49,30,23.6,2.5,6.0,.421,0.7,2.5,.285,1.8,3.4,.521,.481,1.0,1.4,.718,1.8,2.9,4.7,1.0,1.0,0.5,1.1,2.5,6.8,camarto01
82,Clint Capela,C,29,ATL,47,47,25.7,4.8,8.4,.575,0.0,0.0,,4.8,8.4,.575,.575,1.8,2.8,.649,4.8,5.8,10.6,1.0,0.6,1.5,0.9,2.4,11.5,capelca01
83,Jevon Carter,PG,28,CHI,48,0,13.7,1.9,5.3,.366,1.1,3.4,.337,0.8,1.9,.418,.474,0.1,0.1,.600,0.1,0.6,0.8,1.2,0.5,0.3,0.5,1.0,5.1,carteje01
84,Wendell Carter Jr.,C,24,ORL,24,18,26.0,4.0,7.7,.519,1.1,2.8,.403,2.9,4.9,.585,.592,2.1,2.8,.735,2.0,4.7,6.7,1.6,0.5,0.5,1.1,2.3,11.2,cartewe01
85,Alex Caruso,SG,29,CHI,43,31,26.7,3.5,7.3,.486,1.8,4.4,.405,1.7,2.9,.610,.609,1.2,1.5,.758,1.0,2.7,3.6,2.8,1.3,1.1,1.3,2.5,10.0,carusal01
86,Colin Castleton,C,23,LAL,5,0,6.4,1.2,1.8,.667,0.0,0.0,,1.2,1.8,.667,.667,0.8,0.8,1.000,0.8,1.0,1.8,0.6,0.0,0.0,0.2,1.2,3.2,castlco01
87,Malcolm Cazalon,SG,22,DET,1,0,3.0,0.0,0.0,,0.0,0.0,,0.0,0.0,,,0.0,0.0,,0.0,0.0,0.0,0.0,0.0,0.0,0.0,0.0,0.0,cazalma01
88,Julian Champagnie,SF,22,SAS,43,28,16.4,1.9,4.7,.404,1.3,3.4,.381,0.6,1.3,.464,.542,0.8,1.0,.810,0.5,1.9,2.3,1.0,0.6,0.6,0.7,1.1,5.9,champju02
89,Max Christie,SG,20,LAL,41,6,17.2,1.8,4.3,.423,0.7,2.1,.349,1.1,2.2,.494,.509,0.6,0.8,.788,0.2,2.4,2.6,1.0,0.4,0.3,0.8,1.2,5.0,chrisma02
90,Sidy Cissoko,SF,19,SAS,5,0,6.4,0.2,1.2,.167,0.0,0.8,.000,0.2,0.4,.500,.167,0.8,0.8,1.000,0.0,1.2,1.2,0.0,0.6,0.0,0.2,0.4,1.2,cissosi01
91,Jordan Clarkson,SG,31,UTA,41,19,30.0,6.3,15.0,.417,1.6,5.5,.291,4.7,9.5,.490,.470,3.3,3.8,.878,1.0,2.5,3.5,4.9,0.6,0.1,2.8,1.4,17.5,clarkjo01
92,Nic Claxton,C,24,BRK,38,38,29.6,5.4,8.5,.637,0.0,0.1,.333,5.4,8.4,.639,.638,1.6,2.8,.562,3.0,7.4,10.5,2.0,0.7,2.2,1.2,2.5,12.4,claxtni01
93,Noah Clowney,PF,19,BRK,3,0,10.0,2.0,3.3,.600,0.0,0.3,.000,2.0,3.0,.667,.600,1.3,1.3,1.000,1.0,1.3,2.3,1.0,0.0,0.3,0.3,1.0,5.3,clownno01
94,Amir Coffey,SF,26,LAC,36,7,17.0,2.1,3.6,.569,0.8,1.7,.435,1.3,1.9,.691,.673,0.8,0.9,.871,0.4,1.4,1.7,0.7,0.5,0.1,0.4,1.2,5.6,coffeam01
95,John Collins,PF,26,UTA,47,45,27.7,5.6,10.7,.518,1.2,3.5,.343,4.3,7.2,.604,.574,1.8,2.3,.771,2.2,5.8,8.0,1.1,0.6,0.8,1.4,2.7,14.1,collijo01
96,Zach Collins,C,26,SAS,38,24,25.0,4.6,9.7,.476,0.9,3.3,.283,3.7,6.4,.576,.524,1.9,2.4,.763,1.9,3.8,5.7,3.1,0.6,0.7,2.2,3.3,12.1,colliza01
97,Mike Conley,PG,36,MIN,45,45,29.0,3.6,8.1,.440,2.3,5.2,.436,1.3,2.9,.447,.579,1.2,1.3,.915,0.3,2.5,2.8,6.4,1.0,0.2,1.1,1.7,10.6,conlemi01
98,Pat Connaughton,SF,31,MIL,44,0,20.7,1.8,4.1,.440,1.1,3.0,.374,0.7,1.2,.608,.574,0.4,0.6,.704,0.6,2.5,3.1,1.7,0.5,0.2,0.5,1.2,5.2,connapa01
99,Bilal Coulibaly,SF,19,WAS,48,3,26.6,3.0,6.5,.460,1.0,2.6,.376,2.0,3.9,.516,.535,1.2,1.8,.686,0.8,3.2,4.0,1.8,0.9,0.8,1.4,2.1,8.2,coulibi01
100,Ricky Council IV,SG,22,PHI,8,0,5.5,1.0,2.1,.471,0.3,0.4,.667,0.8,1.8,.429,.529,1.1,1.6,.692,0.5,0.5,1.0,0.1,0.3,0.0,0.0,0.1,3.4,councri01
101,Robert Covington,SF-PF,33,TOT,29,6,16.8,1.5,3.4,.439,0.7,1.9,.339,0.8,1.4,.571,.536,0.8,0.9,.846,1.1,2.3,3.3,0.8,1.3,0.6,0.4,1.9,4.4,covinro01
101,Robert Covington,PF,33,LAC,3,3,23.0,1.0,3.0,.333,0.7,2.7,.250,0.3,0.3,1.000,.444,0.3,0.7,.500,0.7,2.0,2.7,2.3,2.0,0.7,0.0,2.3,3.0,covinro01
101,Robert Covington,SF,33,PHI,26,3,16.1,1.5,3.4,.449,0.7,1.8,.354,0.9,1.6,.561,.545,0.8,0.9,.875,1.1,2.3,3.4,0.7,1.3,0.6,0.4,1.9,4.5,covinro01
102,Torrey Craig,SF,33,CHI,28,7,20.9,2.2,5.1,.424,1.1,2.9,.375,1.1,2.3,.484,.528,0.6,0.8,.783,1.8,3.0,4.8,1.0,0.6,0.4,0.6,2.5,6.1,craigto01
103,Jae Crowder,PF,33,MIL,19,4,23.5,2.4,5.5,.438,1.5,3.8,.397,0.9,1.7,.531,.576,0.5,0.8,.563,0.4,2.7,3.1,1.4,0.7,0.2,0.4,1.7,6.8,crowdja01
104,Cade Cunningham,PG,22,DET,40,40,34.3,8.4,18.7,.448,1.8,5.3,.343,6.6,13.4,.490,.497,3.8,4.5,.854,0.4,3.6,4.0,7.5,1.0,0.3,3.7,2.8,22.4,cunnica01
105,Seth Curry,SG,33,DAL,36,3,12.7,1.5,4.0,.372,0.8,2.2,.363,0.7,1.8,.385,.472,0.5,0.5,.895,0.4,1.0,1.4,0.8,0.5,0.1,0.4,0.9,4.3,curryse01
106,Stephen Curry,PG,35,GSW,43,43,33.7,9.1,19.8,.459,4.9,11.8,.411,4.2,7.9,.531,.582,5.1,5.5,.932,0.5,3.9,4.4,5.0,0.8,0.4,3.0,1.8,28.1,curryst01
107,Dyson Daniels,PG,20,NOP,49,15,21.8,2.1,4.9,.429,0.6,2.1,.282,1.5,2.8,.540,.490,0.6,1.0,.646,1.0,2.7,3.7,2.7,1.3,0.3,1.0,1.6,5.4,daniedy01
108,Anthony Davis,C,30,LAL,47,47,35.9,9.4,17.0,.551,0.4,1.2,.309,9.0,15.9,.568,.561,5.5,6.9,.807,3.1,9.0,12.2,3.7,1.1,2.4,2.1,2.5,24.7,davisan02
109,Johnny Davis,SG,21,WAS,23,0,8.0,1.0,2.6,.407,0.1,0.3,.286,1.0,2.3,.423,.424,0.2,0.3,.571,0.4,0.5,0.9,0.3,0.3,0.1,0.3,0.6,2.3,davisjo06
110,JD Davison,SG,21,BOS,2,0,3.0,0.0,0.5,.000,0.0,0.5,.000,0.0,0.0,,.000,1.0,1.0,1.000,0.5,0.5,1.0,0.0,0.0,0.0,0.0,0.0,1.0,davisjd01
111,Dexter Dennis,SG,24,DAL,4,0,7.5,2.5,4.8,.526,0.3,2.0,.125,2.3,2.8,.818,.553,0.3,0.8,.333,0.3,2.0,2.3,1.0,0.0,0.3,0.8,0.3,5.5,dennide01
112,DeMar DeRozan,SF,34,CHI,48,48,37.4,7.6,16.4,.465,0.9,2.8,.331,6.7,13.6,.493,.494,5.9,6.9,.846,0.6,3.5,4.1,5.4,1.2,0.7,1.6,2.1,22.0,derozde01
113,Moussa Diabaté,C,22,LAC,10,0,5.8,0.9,1.8,.500,0.0,0.0,,0.9,1.8,.500,.500,0.9,1.2,.750,1.4,0.6,2.0,0.4,0.4,0.0,0.2,0.4,2.7,diabamo01
114,Mamadi Diakite,PF,27,SAS,3,0,5.3,1.3,1.7,.800,0.0,0.0,,1.3,1.7,.800,.800,1.3,2.0,.667,0.3,0.7,1.0,0.7,0.0,0.3,0.0,0.3,4.0,diakima01
115,Hamidou Diallo,SG,25,WAS,2,0,2.5,0.5,1.0,.500,0.0,0.0,,0.5,1.0,.500,.500,0.0,0.0,,1.0,0.0,1.0,0.5,1.0,0.0,0.5,0.5,1.0,diallha01
116,Gradey Dick,SG,20,TOR,28,1,13.9,1.3,4.0,.333,0.7,2.4,.279,0.6,1.5,.419,.419,0.7,0.8,.909,0.5,1.2,1.7,1.1,0.5,0.0,0.6,1.3,4.0,dickgr01
117,Ousmane Dieng,PF,20,OKC,25,0,11.5,1.5,3.4,.442,0.7,2.2,.309,0.8,1.2,.677,.541,0.5,0.6,.857,0.4,1.4,1.8,0.9,0.1,0.0,0.5,0.7,4.2,diengou01
118,Spencer Dinwiddie,PG,30,BRK,46,46,30.4,4.1,10.4,.392,1.9,5.8,.325,2.2,4.6,.479,.483,2.7,3.4,.783,0.6,2.8,3.3,6.0,0.8,0.2,1.3,1.8,12.7,dinwisp01
119,Donte DiVincenzo,SG,27,NYK,50,32,23.7,4.4,9.8,.451,2.9,7.0,.416,1.5,2.8,.540,.600,0.9,1.2,.733,0.8,2.5,3.2,2.3,1.1,0.3,1.1,2.0,12.6,divindo01
120,Luka Dončić,PG,24,DAL,41,41,37.6,11.8,24.0,.489,3.9,10.4,.374,7.9,13.7,.576,.569,7.4,9.5,.784,0.8,7.8,8.6,9.6,1.4,0.6,4.0,1.9,34.8,doncilu01
121,Luguentz Dort,SF,24,OKC,48,48,28.5,3.6,8.2,.438,1.9,4.8,.390,1.7,3.4,.506,.552,1.6,2.0,.811,1.2,2.7,3.9,1.3,0.8,0.7,0.9,3.0,10.7,dortlu01
122,Ayo Dosunmu,SG,24,CHI,48,10,24.6,3.7,7.6,.493,1.2,3.1,.380,2.5,4.4,.573,.572,1.0,1.2,.793,0.7,1.9,2.6,2.2,0.8,0.5,1.0,2.0,9.6,dosunay01
123,Andre Drummond,C,30,CHI,50,7,15.8,3.1,5.7,.553,0.0,0.0,.000,3.1,5.6,.557,.553,1.4,2.6,.558,3.3,5.0,8.3,0.5,1.1,0.6,1.0,1.7,7.7,drumman01
124,Chris Duarte,SF,26,SAC,35,11,13.2,1.3,3.6,.360,0.6,1.9,.313,0.7,1.7,.414,.444,0.5,0.7,.750,0.4,1.5,1.8,0.9,0.5,0.1,0.6,1.7,3.7,duartch01
125,Kris Dunn,PG,29,UTA,43,25,17.6,2.1,4.5,.479,0.6,1.4,.410,1.6,3.0,.511,.544,0.3,0.4,.667,0.7,2.2,2.9,4.3,0.9,0.4,1.3,1.9,5.1,dunnkr01
126,Kevin Durant,PF,35,PHO,43,43,37.0,10.2,18.9,.538,2.3,5.0,.461,7.8,13.9,.565,.599,5.7,6.5,.874,0.5,5.8,6.3,5.7,0.9,1.3,3.1,1.8,28.3,duranke01
127,Jalen Duren,C,20,DET,34,33,29.9,6.2,9.6,.649,0.0,0.1,.000,6.2,9.5,.653,.649,1.5,2.1,.699,3.3,8.4,11.6,2.5,0.4,0.8,1.9,3.2,13.9,durenja01
128,Tari Eason,PF,22,HOU,22,0,21.8,4.0,8.6,.466,0.8,2.3,.360,3.2,6.3,.504,.513,1.0,1.5,.636,2.1,4.9,7.0,1.2,1.4,0.9,0.9,2.3,9.8,easonta01
129,Anthony Edwards,SG,22,MIN,47,47,34.9,8.9,19.0,.466,2.5,6.4,.389,6.4,12.6,.505,.531,5.4,6.4,.838,0.6,4.5,5.1,5.1,1.2,0.5,3.4,1.9,25.6,edwaran01
130,Kessler Edwards,SF,23,SAC,33,0,4.9,0.5,1.3,.395,0.3,0.8,.346,0.2,0.5,.471,.500,0.1,0.1,.750,0.2,0.6,0.8,0.3,0.1,0.1,0.0,0.4,1.4,edwarke02
131,Keon Ellis,SG,24,SAC,28,3,12.2,1.3,3.0,.434,0.9,2.4,.382,0.4,0.5,.667,.590,0.4,0.6,.647,0.3,1.0,1.3,1.3,0.5,0.4,0.5,1.4,3.9,elliske01
132,Joel Embiid,C,29,PHI,34,34,34.0,11.8,22.2,.533,1.2,3.3,.366,10.6,18.9,.562,.560,10.5,11.9,.883,2.6,8.7,11.3,5.7,1.1,1.8,3.7,2.9,35.3,embiijo01
133,Drew Eubanks,C,26,PHO,44,3,16.1,2.3,3.6,.639,0.1,0.1,1.000,2.2,3.5,.632,.649,1.0,1.4,.742,1.4,2.9,4.3,1.0,0.3,0.8,1.0,1.7,5.7,eubandr01
134,Tosan Evbuomwan,SF,22,MEM,2,0,23.0,1.0,4.5,.222,1.0,2.5,.400,0.0,2.0,.000,.333,0.0,0.0,,4.0,2.5,6.5,2.0,0.0,0.0,0.5,1.5,3.0,evbuoto01
135,Dante Exum,PG,28,DAL,32,14,19.7,3.6,6.3,.571,1.0,2.0,.477,2.7,4.3,.616,.648,1.0,1.4,.727,0.6,2.2,2.8,2.8,0.6,0.2,0.8,1.6,9.2,exumda01
136,Bruno Fernando,C,25,ATL,13,0,6.5,1.1,2.1,.519,0.0,0.2,.000,1.1,1.8,.583,.519,0.8,1.5,.526,0.5,1.5,2.0,0.3,0.2,0.4,0.5,0.9,2.9,fernabr01
137,Dorian Finney-Smith,PF,30,BRK,42,31,28.8,3.3,8.1,.412,2.1,5.5,.383,1.2,2.6,.473,.541,0.3,0.5,.700,1.7,3.1,4.8,1.4,0.7,0.6,0.8,2.2,9.1,finnedo01
138,Malachi Flynn,PG,25,TOT,44,0,11.9,1.4,3.5,.404,0.7,2.0,.333,0.8,1.5,.500,.500,0.6,0.8,.788,0.3,1.3,1.6,1.8,0.4,0.1,0.8,1.0,4.1,flynnma01
138,Malachi Flynn,PG,25,TOR,31,0,15.3,1.8,4.4,.409,0.9,2.6,.350,0.9,1.8,.491,.511,0.5,0.7,.773,0.4,1.7,2.1,2.4,0.6,0.2,1.1,1.4,5.1,flynnma01
138,Malachi Flynn,PG,25,NYK,13,0,3.8,0.5,1.5,.368,0.2,0.8,.200,0.4,0.7,.556,.421,0.7,0.8,.818,0.0,0.4,0.4,0.4,0.1,0.0,0.2,0.2,1.9,flynnma01
139,Simone Fontecchio,SF,28,UTA,49,33,23.2,3.3,7.2,.452,1.9,4.7,.394,1.4,2.5,.561,.581,0.7,0.8,.800,1.0,2.5,3.5,1.4,0.6,0.4,1.0,1.7,9.0,fontesi01
140,Jordan Ford,PG,25,SAC,6,0,3.7,0.7,1.2,.571,0.3,0.5,.667,0.3,0.7,.500,.714,0.3,0.3,1.000,0.0,0.3,0.3,0.3,0.0,0.0,0.2,0.0,2.0,fordjo01
141,Trent Forrest,SG,25,ATL,19,0,10.6,0.8,2.5,.319,0.1,0.4,.286,0.7,2.1,.325,.340,0.4,0.5,.800,0.3,1.1,1.4,2.0,0.4,0.1,0.5,0.9,2.1,forretr01
142,Evan Fournier,SG,31,NYK,3,0,13.0,1.3,6.7,.200,0.7,5.0,.133,0.7,1.7,.400,.250,0.7,0.7,1.000,0.0,1.3,1.3,1.0,1.3,0.0,0.3,1.3,4.0,fournev01
143,De'Aaron Fox,PG,26,SAC,42,42,35.6,9.7,20.7,.470,3.0,7.9,.380,6.7,12.8,.526,.543,5.0,6.9,.721,0.8,3.2,4.0,5.4,1.8,0.4,2.5,2.5,27.5,foxde01
144,Javon Freeman-Liberty,PG,24,TOR,2,0,2.0,0.5,1.5,.333,0.0,0.0,,0.5,1.5,.333,.333,0.0,0.0,,0.5,0.0,0.5,0.0,0.0,0.0,0.0,0.0,1.0,freemja01
145,Alex Fudge,SF,20,LAL,4,0,3.5,0.3,1.5,.167,0.0,0.5,.000,0.3,1.0,.250,.167,0.5,0.5,1.000,0.5,0.0,0.5,0.0,0.0,0.0,0.3,0.3,1.0,fudgeal01
146,Markelle Fultz,PG,25,ORL,17,11,24.5,4.3,8.4,.510,0.0,0.2,.000,4.3,8.2,.521,.510,0.4,0.8,.462,1.2,2.0,3.2,3.6,1.4,0.4,1.1,1.7,8.9,fultzma01
147,Daniel Gafford,C,25,WAS,44,44,26.3,4.5,6.4,.695,0.0,0.0,,4.5,6.4,.695,.695,1.9,2.7,.706,2.9,5.0,7.9,1.6,1.0,2.1,1.0,3.3,10.8,gaffoda01
148,Danilo Gallinari,PF-SF,35,TOT,31,0,15.0,2.2,4.9,.447,0.9,2.5,.355,1.3,2.5,.539,.536,2.2,2.6,.850,0.4,2.4,2.8,1.3,0.3,0.1,0.4,1.1,7.5,gallida01
148,Danilo Gallinari,PF,35,WAS,26,0,14.8,2.2,5.0,.435,0.8,2.5,.313,1.4,2.6,.552,.511,1.8,2.2,.839,0.5,2.5,2.9,1.2,0.2,0.1,0.5,1.0,7.0,gallida01
148,Danilo Gallinari,SF,35,DET,5,0,15.8,2.2,4.2,.524,1.4,2.4,.583,0.8,1.8,.444,.690,4.2,4.8,.875,0.2,1.8,2.0,2.0,0.4,0.2,0.2,1.6,10.0,gallida01
149,Darius Garland,PG,24,CLE,23,23,32.5,7.1,15.0,.471,1.7,5.0,.339,5.4,10.0,.537,.527,3.5,4.2,.844,0.5,2.1,2.6,5.7,1.6,0.2,3.6,1.5,19.4,garlada01
150,Usman Garuba,PF,21,GSW,2,0,3.0,0.0,0.5,.000,0.0,0.0,,0.0,0.5,.000,.000,0.0,0.0,,0.0,0.0,0.0,0.5,0.5,0.0,0.0,0.5,0.0,garubus01
151,Luka Garza,C,25,MIN,11,0,3.0,0.9,2.1,.435,0.2,0.6,.286,0.7,1.5,.500,.478,0.5,0.9,.600,0.5,0.4,0.8,0.2,0.0,0.0,0.2,0.8,2.5,garzalu01
152,Kaiser Gates,SF,27,NOP,1,0,7.0,0.0,4.0,.000,0.0,2.0,.000,0.0,2.0,.000,.000,0.0,0.0,,0.0,1.0,1.0,0.0,0.0,0.0,0.0,0.0,0.0,gateska01
153,Keyonte George,PG,20,UTA,45,16,24.1,3.5,9.2,.383,1.7,5.2,.332,1.8,4.0,.448,.476,2.5,3.0,.824,0.3,2.6,2.9,4.2,0.4,0.1,2.0,1.1,11.2,georgke01
154,Paul George,PF,33,LAC,45,45,33.9,7.9,17.2,.460,3.4,8.3,.409,4.5,8.9,.507,.559,3.5,3.8,.912,0.6,4.9,5.5,3.6,1.6,0.4,2.1,2.9,22.7,georgpa01
155,Taj Gibson,PF,38,NYK,11,0,8.8,0.6,1.3,.500,0.0,0.4,.000,0.6,0.9,.700,.500,0.0,0.0,,0.5,1.1,1.6,0.5,0.1,0.5,0.2,1.8,1.3,gibsota01
156,Josh Giddey,SG,21,OKC,49,49,25.0,4.8,10.5,.453,0.9,2.8,.326,3.8,7.7,.500,.497,1.3,1.5,.827,1.4,4.9,6.3,4.6,0.7,0.5,2.1,1.2,11.7,giddejo01
157,Harry Giles,C,25,BRK,16,0,5.1,1.4,2.8,.500,0.2,0.7,.273,1.2,2.1,.576,.534,0.4,0.8,.538,0.8,0.9,1.6,0.4,0.1,0.2,0.4,0.9,3.4,gilesha01
158,Shai Gilgeous-Alexander,PG,25,OKC,49,49,34.6,10.9,19.9,.548,1.2,3.4,.353,9.7,16.5,.588,.578,8.1,9.1,.891,0.9,4.7,5.7,6.6,2.3,0.9,2.2,2.6,31.1,gilgesh01
159,Anthony Gill,PF,31,WAS,29,0,5.6,0.8,1.6,.489,0.1,0.4,.250,0.7,1.2,.571,.521,0.4,0.6,.750,0.4,0.8,1.3,0.4,0.2,0.2,0.5,0.4,2.1,gillan01
160,Collin Gillespie,PG,24,DEN,15,0,6.5,0.8,1.7,.480,0.3,0.9,.308,0.5,0.8,.667,.560,0.3,0.3,.800,0.1,0.3,0.3,0.6,0.3,0.0,0.3,0.8,2.1,gilleco01
161,Jacob Gilyard,PG,25,MEM,33,12,17.4,1.5,3.7,.418,1.3,3.1,.426,0.2,0.6,.381,.594,0.1,0.1,1.000,0.2,0.8,1.1,3.5,0.7,0.1,0.7,1.0,4.5,gilyaja01
162,Rudy Gobert,C,31,MIN,49,49,33.2,5.1,8.0,.646,0.0,0.0,.000,5.1,7.9,.649,.646,3.4,5.3,.643,3.4,9.1,12.5,1.2,0.6,2.1,1.6,2.9,13.7,goberru01
163,Jordan Goodwin,PG,25,PHO,39,0,14.3,1.9,4.9,.389,0.6,2.1,.288,1.3,2.9,.460,.448,0.6,0.7,.852,1.0,2.0,3.0,2.0,0.6,0.2,0.7,1.1,5.0,goodwjo01
164,Aaron Gordon,PF,28,DEN,45,45,31.9,5.4,9.9,.543,0.6,1.8,.305,4.8,8.1,.596,.571,2.3,3.7,.630,2.6,4.0,6.6,3.1,0.8,0.7,1.3,1.9,13.6,gordoaa01
165,Eric Gordon,SG,35,PHO,42,20,30.0,4.6,10.2,.454,2.5,6.5,.383,2.1,3.6,.582,.577,0.8,1.0,.780,0.3,1.8,2.1,2.3,1.0,0.5,1.3,1.3,12.5,gordoer01
166,Devonte' Graham,PG,28,SAS,10,0,8.8,1.1,2.8,.393,0.7,2.0,.350,0.4,0.8,.500,.518,0.6,0.8,.750,0.2,1.1,1.3,1.9,0.3,0.1,0.3,0.4,3.5,grahade01
167,Jerami Grant,PF,29,POR,43,43,33.6,7.3,15.8,.461,2.1,5.1,.403,5.2,10.7,.489,.527,4.6,5.7,.809,0.7,3.0,3.7,2.6,0.7,0.7,2.0,2.2,21.3,grantje01
168,A.J. Green,SG,24,MIL,30,0,7.9,1.2,2.7,.444,1.0,2.3,.429,0.2,0.4,.545,.630,0.2,0.2,1.000,0.2,0.7,0.9,0.5,0.0,0.0,0.0,0.9,3.6,greenaj01
169,Danny Green,SG,36,PHI,2,0,9.0,0.0,1.0,.000,0.0,0.5,.000,0.0,0.5,.000,.000,0.0,0.0,,0.0,1.0,1.0,0.5,0.5,0.0,0.0,0.5,0.0,greenda02
170,Draymond Green,PF,33,GSW,22,19,26.9,3.3,6.8,.480,1.1,2.7,.417,2.1,4.1,.522,.563,1.5,1.9,.805,1.2,5.0,6.2,6.2,0.7,0.9,2.5,3.1,9.2,greendr01
171,Jalen Green,SG,21,HOU,49,49,30.8,6.2,15.1,.411,2.1,6.6,.316,4.1,8.5,.486,.480,3.7,4.5,.810,0.4,4.4,4.8,3.3,0.7,0.3,2.1,1.3,18.1,greenja05
172,Jeff Green,PF,37,HOU,47,4,16.6,2.0,4.0,.500,0.4,1.3,.288,1.6,2.7,.598,.546,1.8,2.1,.830,0.6,1.5,2.1,0.7,0.2,0.4,0.7,1.5,6.1,greenje02
173,Josh Green,SG,23,DAL,36,19,27.1,3.3,6.8,.476,1.4,3.5,.400,1.9,3.4,.554,.577,0.6,1.1,.579,0.6,2.6,3.2,2.5,0.7,0.1,1.2,2.0,8.5,greenjo02
174,AJ Griffin,SF,20,ATL,18,0,7.3,0.7,2.5,.289,0.5,1.8,.273,0.2,0.7,.333,.389,0.1,0.1,1.000,0.1,0.7,0.8,0.2,0.1,0.1,0.3,0.3,2.1,griffaj01
175,Quentin Grimes,SG,23,NYK,45,18,20.2,2.5,6.4,.395,1.7,4.7,.363,0.8,1.6,.486,.530,0.5,0.8,.706,0.3,1.6,2.0,1.2,0.7,0.1,0.5,1.5,7.3,grimequ01
176,Mouhamed Gueye,PF,21,ATL,2,0,2.0,0.0,0.5,.000,0.0,0.5,.000,0.0,0.0,,.000,0.0,0.0,,0.0,0.0,0.0,0.0,0.5,0.0,0.0,0.5,0.0,gueyemo02
177,Rui Hachimura,PF,25,LAL,37,8,23.0,4.3,8.6,.494,1.2,3.0,.391,3.1,5.7,.548,.561,1.6,2.2,.753,0.8,2.9,3.6,1.1,0.7,0.2,0.8,1.4,11.4,hachiru01
178,Tyrese Haliburton,PG,23,IND,38,37,32.2,8.1,16.2,.498,3.2,8.0,.398,4.9,8.2,.594,.596,3.3,3.8,.862,0.7,3.3,4.0,11.8,1.1,0.7,2.4,1.0,22.6,halibty01
179,R.J. Hampton,PG,22,MIA,8,2,9.5,0.5,1.8,.286,0.1,1.0,.125,0.4,0.8,.500,.321,0.1,0.3,.500,0.3,0.5,0.8,1.0,0.0,0.0,0.4,1.0,1.3,hamptrj01
180,Tim Hardaway Jr.,SF,31,DAL,46,10,30.4,6.2,14.8,.422,3.3,8.9,.368,3.0,5.9,.504,.533,2.6,2.9,.874,0.3,3.3,3.7,1.7,0.5,0.0,1.0,1.5,18.3,hardati02
181,James Harden,PG,34,LAC,43,43,34.3,5.1,11.3,.447,2.7,6.6,.410,2.4,4.8,.498,.566,4.2,4.8,.870,0.3,4.6,4.9,8.5,1.2,0.9,2.6,2.1,17.0,hardeja01
182,Jaden Hardy,SG,21,DAL,44,6,16.0,2.9,7.5,.389,1.3,3.8,.351,1.6,3.7,.429,.479,0.8,1.1,.714,0.3,1.8,2.1,1.8,0.3,0.1,0.8,1.3,8.0,hardyja02
183,Ron Harper Jr.,PF,23,TOR,1,0,4.0,0.0,0.0,,0.0,0.0,,0.0,0.0,,,0.0,0.0,,0.0,0.0,0.0,1.0,0.0,0.0,0.0,2.0,0.0,harpero02
184,Gary Harris,SG,29,ORL,29,6,22.7,2.4,5.7,.433,1.3,3.9,.336,1.1,1.8,.647,.549,0.8,1.1,.774,0.4,1.2,1.7,1.8,0.8,0.2,0.6,1.8,7.0,harriga01
185,Joe Harris,SG,32,DET,15,0,10.5,0.9,2.4,.361,0.7,1.9,.345,0.2,0.5,.429,.500,0.1,0.1,.500,0.2,0.7,0.9,0.7,0.2,0.1,0.3,1.2,2.5,harrijo01
186,Kevon Harris,SG,26,ORL,1,0,3.0,0.0,0.0,,0.0,0.0,,0.0,0.0,,,0.0,0.0,,0.0,1.0,1.0,0.0,0.0,0.0,1.0,1.0,0.0,harrike01
187,Tobias Harris,PF,31,PHI,44,44,34.0,6.8,13.3,.512,1.2,3.5,.344,5.6,9.8,.572,.557,3.1,3.5,.902,1.1,4.8,6.0,3.2,1.0,0.5,1.4,1.7,17.9,harrito02
188,Shaquille Harrison,SG,30,MEM,3,0,2.0,0.3,0.7,.500,0.0,0.0,,0.3,0.7,.500,.500,0.0,0.0,,0.0,0.7,0.7,0.0,0.0,0.3,0.0,0.0,0.7,harrish01
189,Josh Hart,SF,28,NYK,49,10,29.2,2.9,6.8,.426,0.9,2.8,.302,2.0,3.9,.516,.489,0.8,1.0,.833,1.3,5.6,6.9,3.0,0.8,0.3,1.2,1.9,7.4,hartjo01
190,Isaiah Hartenstein,C,25,NYK,48,22,25.6,2.8,4.5,.606,0.0,0.1,.333,2.7,4.5,.609,.608,1.4,1.9,.699,3.4,5.3,8.8,2.0,1.1,1.1,1.1,2.9,6.9,harteis01
191,Sam Hauser,SF,26,BOS,49,5,21.7,2.8,6.3,.447,2.3,5.4,.416,0.6,0.9,.636,.625,0.2,0.3,.846,0.6,2.8,3.4,1.0,0.4,0.3,0.5,1.3,8.2,hausesa01
192,Jordan Hawkins,SG,21,NOP,44,10,21.4,3.3,8.3,.401,2.1,5.5,.382,1.3,2.9,.437,.526,1.4,1.6,.847,0.6,2.3,2.8,1.4,0.3,0.1,0.8,1.4,10.2,hawkijo01
193,Jaxson Hayes,C,23,LAL,40,3,10.7,1.5,2.1,.702,0.0,0.1,.000,1.5,2.0,.747,.702,0.6,1.0,.615,0.6,1.4,2.0,0.5,0.4,0.4,0.5,1.7,3.6,hayesja02
194,Killian Hayes,PG,22,DET,41,30,23.9,2.8,6.7,.413,0.5,1.7,.286,2.3,5.0,.456,.449,0.8,1.2,.660,0.3,2.5,2.8,4.8,0.9,0.5,1.2,1.8,6.9,hayeski01
195,Gordon Hayward,SF,33,CHO,25,25,31.9,5.6,11.9,.468,0.9,2.4,.361,4.7,9.4,.496,.505,2.5,3.2,.765,1.0,3.7,4.7,4.6,1.1,0.5,2.0,1.8,14.5,haywago01
196,Scoot Henderson,PG,19,POR,41,15,26.7,4.4,11.8,.373,1.2,4.0,.315,3.2,7.9,.402,.426,2.7,3.3,.810,0.9,2.1,3.0,4.6,0.6,0.2,3.0,3.0,12.8,hendesc01
197,Taylor Hendricks,PF,20,UTA,13,0,13.9,1.8,4.5,.397,0.9,2.7,.343,0.8,1.8,.478,.500,0.5,0.6,.750,0.8,1.4,2.2,0.5,0.7,0.5,0.7,0.9,4.9,hendrita01
198,Tyler Herro,SG,24,MIA,30,30,33.9,7.8,18.2,.429,3.3,8.3,.403,4.5,9.9,.450,.520,2.1,2.5,.838,0.5,4.8,5.4,4.3,1.0,0.1,2.3,1.5,21.0,herroty01
199,Buddy Hield,SF,31,IND,51,28,25.7,4.4,10.0,.439,2.6,6.9,.382,1.7,3.1,.567,.572,0.5,0.6,.848,0.7,2.5,3.2,2.6,0.8,0.6,1.2,2.0,12.0,hieldbu01
200,Haywood Highsmith,PF,27,MIA,36,24,21.2,2.2,5.0,.431,1.1,3.0,.374,1.1,2.1,.514,.541,0.5,0.7,.792,0.8,2.1,2.9,1.1,0.9,0.5,0.7,2.1,6.0,highsha01
201,Nate Hinton,SG,24,HOU,10,0,4.3,0.7,1.5,.467,0.5,0.8,.625,0.2,0.7,.286,.633,0.2,0.2,1.000,0.2,0.7,0.9,0.4,0.1,0.1,0.2,0.8,2.1,hintona01
202,D'Moi Hodge,SG,25,LAL,7,0,5.9,0.7,2.1,.333,0.4,1.7,.250,0.3,0.4,.667,.433,0.1,0.3,.500,0.0,0.0,0.0,0.7,0.1,0.1,0.1,0.6,2.0,hodgedm01
203,Aaron Holiday,PG,27,HOU,46,1,17.0,2.3,5.2,.443,1.1,2.8,.392,1.2,2.3,.505,.551,0.7,0.8,.919,0.3,1.6,1.8,1.7,0.6,0.1,0.8,1.5,6.4,holidaa01
204,Jrue Holiday,PG,33,BOS,46,46,33.4,5.0,10.7,.463,2.0,4.8,.423,2.9,5.9,.496,.558,1.2,1.4,.833,1.3,4.6,6.0,4.6,0.8,0.7,1.9,1.6,13.1,holidjr01
205,Justin Holiday,SG,34,DEN,28,6,12.9,1.3,2.7,.487,0.8,1.9,.423,0.5,0.9,.625,.632,0.0,0.0,,0.1,1.0,1.1,0.9,0.6,0.1,0.2,1.2,3.4,holidju01
206,Richaun Holmes,C,30,DAL,22,2,10.5,1.5,2.7,.559,0.0,0.0,,1.5,2.7,.559,.559,0.5,1.0,.571,1.5,2.0,3.5,0.6,0.1,0.4,0.5,1.5,3.5,holmeri01
207,Chet Holmgren,C,21,OKC,50,50,30.2,6.4,12.0,.533,1.7,4.3,.386,4.7,7.7,.616,.603,2.4,3.1,.769,1.5,6.0,7.5,2.8,0.6,2.6,1.7,2.4,16.8,holmgch01
208,Jalen Hood-Schifino,SG,20,LAL,15,0,6.1,0.5,2.3,.229,0.1,0.7,.091,0.5,1.6,.292,.243,0.7,1.1,.625,0.1,0.5,0.7,0.5,0.2,0.1,0.5,0.7,1.8,hoodsja01
209,Al Horford,C,37,BOS,41,20,26.9,2.9,6.1,.482,1.6,4.0,.404,1.3,2.0,.639,.616,0.3,0.3,.857,1.2,5.5,6.8,2.8,0.5,1.0,0.8,1.6,7.8,horfoal01
210,Talen Horton-Tucker,PG,23,UTA,32,11,21.1,4.0,9.7,.411,1.2,3.6,.333,2.8,6.1,.456,.472,1.6,2.0,.800,0.4,2.1,2.5,4.1,1.0,0.3,1.6,1.9,10.8,hortota01
211,Danuel House Jr.,SF,30,PHI,33,3,15.1,1.4,3.1,.455,0.5,1.5,.313,0.9,1.6,.585,.530,1.0,1.3,.750,0.4,1.2,1.6,0.8,0.5,0.2,0.5,1.3,4.2,houseda01
212,Caleb Houstan,SF,21,ORL,36,7,15.6,1.6,4.1,.383,1.4,3.9,.360,0.2,0.3,.700,.550,0.5,0.6,.773,0.6,1.1,1.7,0.6,0.3,0.0,0.4,1.2,5.0,houstca01
213,Jett Howard,SF,20,ORL,11,0,3.8,0.6,1.7,.368,0.4,1.3,.286,0.3,0.5,.600,.474,0.2,0.4,.500,0.1,0.4,0.5,0.3,0.0,0.1,0.2,0.1,1.8,howarje01
214,Kevin Huerter,SG,25,SAC,46,41,24.9,4.1,9.2,.447,2.0,5.6,.364,2.0,3.5,.577,.558,0.7,0.9,.780,0.6,3.2,3.8,2.7,0.7,0.4,0.7,2.3,10.9,huertke01
215,Jay Huff,C,25,DEN,7,0,2.6,0.4,0.9,.500,0.1,0.6,.250,0.3,0.3,1.000,.583,0.0,0.0,,0.0,0.1,0.1,0.1,0.1,0.0,0.1,0.7,1.0,huffja01
216,De'Andre Hunter,SF,26,ATL,26,24,29.2,4.8,10.6,.458,1.8,4.7,.397,3.0,5.9,.506,.545,2.7,3.1,.875,0.6,3.3,3.8,1.3,0.8,0.3,1.5,2.8,14.2,huntede01
217,Matthew Hurt,PF,23,MEM,3,0,18.7,2.0,6.0,.333,0.7,3.3,.200,1.3,2.7,.500,.389,1.0,1.0,1.000,1.3,0.7,2.0,1.0,0.0,0.3,0.0,0.7,5.7,hurtma01
218,Bones Hyland,PG,23,LAC,19,2,13.2,2.3,6.3,.367,1.1,3.4,.313,1.3,2.9,.429,.450,0.5,0.6,.833,0.2,0.7,0.9,1.7,0.5,0.1,1.2,1.4,6.2,hylanbo01
219,Joe Ingles,SF,36,ORL,36,0,17.8,1.6,4.1,.397,1.1,2.7,.388,0.6,1.3,.417,.527,0.5,0.6,.850,0.4,2.1,2.5,3.1,0.7,0.1,1.0,1.6,4.8,inglejo01
220,Brandon Ingram,SF,26,NOP,45,45,33.2,8.0,16.4,.488,1.3,3.8,.351,6.6,12.6,.529,.529,4.1,5.1,.805,0.7,4.3,5.0,5.6,0.8,0.5,2.5,2.3,21.4,ingrabr01
221,Kyrie Irving,SG,31,DAL,27,27,33.3,9.3,19.6,.472,2.9,7.0,.411,6.4,12.6,.506,.545,3.8,4.2,.895,0.8,4.3,5.1,5.3,1.3,0.4,1.6,1.9,25.2,irvinky01
222,Jonathan Isaac,PF,26,ORL,32,1,14.5,2.2,4.7,.467,0.5,1.8,.281,1.7,2.9,.581,.520,1.3,1.7,.759,1.1,2.9,4.0,0.4,0.8,1.2,0.4,1.2,6.2,isaacjo01
223,Jaden Ivey,SG,21,DET,45,29,27.1,5.2,11.3,.461,1.4,4.1,.339,3.8,7.2,.531,.523,2.9,4.0,.717,1.4,2.4,3.8,3.6,0.7,0.6,2.3,2.8,14.7,iveyja01
224,Andre Jackson Jr.,SG,22,MIL,40,8,11.3,1.1,2.0,.551,0.4,0.9,.389,0.7,1.1,.690,.641,0.2,0.3,.727,0.9,1.3,2.2,0.9,0.3,0.1,0.5,1.9,2.7,jacksan01
225,Gregory Jackson II,PF,19,MEM,18,1,17.4,2.9,7.0,.413,1.3,3.7,.364,1.6,3.3,.467,.508,1.4,2.0,.722,0.8,2.3,3.1,0.8,0.4,0.5,0.8,1.0,8.6,jacksgg01
226,Isaiah Jackson,C,22,IND,38,2,13.5,2.7,4.2,.652,0.0,0.1,.000,2.7,4.1,.665,.652,1.3,1.8,.714,1.5,2.6,4.1,0.9,0.6,1.2,0.7,2.7,6.7,jacksis01
227,Jaren Jackson Jr.,C,24,MEM,47,47,31.8,7.6,17.0,.444,1.7,5.4,.313,5.9,11.6,.506,.494,5.3,6.3,.832,1.2,4.4,5.6,2.0,1.0,1.6,2.2,3.5,22.1,jacksja02
228,Reggie Jackson,PG,33,DEN,51,14,23.1,4.4,9.6,.457,1.3,3.5,.376,3.0,6.0,.505,.527,1.0,1.3,.769,0.4,1.7,2.1,3.9,0.6,0.2,1.3,1.9,11.1,jacksre01
229,Trayce Jackson-Davis,PF,23,GSW,35,3,13.8,2.8,4.1,.688,0.0,0.0,,2.8,4.1,.688,.688,1.0,1.8,.571,1.6,2.6,4.2,0.9,0.3,0.8,0.7,1.6,6.7,jackstr02
230,LeBron James,PF,39,LAL,45,45,34.8,9.3,17.9,.520,2.2,5.4,.398,7.2,12.5,.574,.581,4.0,5.6,.728,0.9,6.5,7.4,7.6,1.3,0.6,3.3,1.2,24.9,jamesle01
231,Jaime Jaquez Jr.,SF,22,MIA,44,15,29.6,5.1,10.2,.497,1.0,2.9,.339,4.1,7.3,.559,.545,2.0,2.4,.840,1.2,2.6,3.8,2.7,1.1,0.3,1.7,2.4,13.1,jaqueja01
232,DaQuan Jeffries,SG,26,NYK,10,0,3.0,0.5,1.2,.417,0.1,0.5,.200,0.4,0.7,.571,.458,0.0,0.2,.000,0.0,0.5,0.5,0.2,0.0,0.0,0.1,0.2,1.1,jeffrda01
233,Trey Jemison,C,24,TOT,4,1,9.5,1.0,1.8,.571,0.0,0.0,,1.0,1.8,.571,.571,0.8,0.8,1.000,0.8,1.3,2.0,0.0,0.3,0.8,0.8,1.3,2.8,jemistr01
233,Trey Jemison,C,24,WAS,2,0,0.5,0.0,0.0,,0.0,0.0,,0.0,0.0,,,0.0,0.0,,0.0,0.5,0.5,0.0,0.0,0.0,0.5,0.0,0.0,jemistr01
233,Trey Jemison,C,24,MEM,2,1,18.5,2.0,3.5,.571,0.0,0.0,,2.0,3.5,.571,.571,1.5,1.5,1.000,1.5,2.0,3.5,0.0,0.5,1.5,1.0,2.5,5.5,jemistr01
234,Ty Jerome,SG,26,CLE,2,0,7.5,1.0,2.0,.500,0.0,0.5,.000,1.0,1.5,.667,.500,0.0,0.0,,0.5,0.0,0.5,1.5,0.0,0.0,0.5,1.0,2.0,jeromty01
235,Isaiah Joe,SG,24,OKC,47,0,18.8,3.0,6.4,.462,2.0,4.8,.424,0.9,1.6,.571,.620,0.7,0.8,.842,0.4,2.0,2.4,1.1,0.6,0.3,0.6,1.2,8.6,joeis01
236,Cameron Johnson,PF,27,BRK,39,39,28.5,5.2,11.3,.456,2.5,6.2,.398,2.7,5.1,.525,.565,1.2,1.6,.742,1.1,3.5,4.6,2.6,0.8,0.2,1.0,1.8,13.9,johnsca02
237,Jalen Johnson,SF,22,ATL,35,32,33.4,6.3,11.7,.534,1.2,3.3,.368,5.0,8.4,.601,.587,2.0,2.7,.753,1.2,7.1,8.4,3.3,1.3,0.8,1.8,2.7,15.7,johnsja05
238,James Johnson,PF,36,IND,5,0,4.8,0.4,1.0,.400,0.0,0.2,.000,0.4,0.8,.500,.400,0.0,0.0,,0.2,0.6,0.8,1.0,0.8,0.0,0.4,0.8,0.8,johnsja01
239,Keldon Johnson,SF,24,SAS,46,26,30.4,6.1,13.3,.455,1.8,5.2,.342,4.3,8.2,.527,.521,2.8,3.6,.776,1.5,4.4,5.9,3.2,0.9,0.3,1.6,2.4,16.7,johnske04
240,Keon Johnson,SG,21,BRK,1,0,21.0,3.0,8.0,.375,2.0,4.0,.500,1.0,4.0,.250,.500,4.0,4.0,1.000,0.0,1.0,1.0,1.0,1.0,1.0,1.0,1.0,12.0,johnske07
241,Keyontae Johnson,SF,23,OKC,7,0,8.1,0.6,1.7,.333,0.1,0.3,.500,0.4,1.4,.300,.375,0.0,0.0,,0.4,0.4,0.9,0.6,0.0,0.0,0.6,0.6,1.3,johnske08
242,Nikola Jokić,C,28,DEN,49,49,33.8,10.3,17.5,.587,1.0,2.9,.362,9.2,14.6,.632,.617,4.7,5.8,.817,3.0,9.2,12.2,9.0,1.2,0.9,2.9,2.6,26.3,jokicni01
243,Colby Jones,SG,21,SAC,15,0,7.3,1.1,2.8,.381,0.1,0.9,.077,1.0,1.9,.517,.393,0.1,0.2,.667,0.6,0.8,1.4,0.6,0.3,0.1,0.3,1.0,2.3,jonesco02
244,Damian Jones,C,28,CLE,22,0,6.4,0.8,1.5,.531,0.1,0.3,.286,0.7,1.1,.600,.563,0.5,0.5,.909,0.4,1.0,1.4,0.4,0.1,0.4,0.4,0.7,2.1,jonesda03
245,Derrick Jones Jr.,SF,26,DAL,44,43,26.0,3.7,7.6,.487,1.3,3.8,.349,2.4,3.8,.627,.575,1.3,1.8,.734,1.2,2.4,3.6,1.0,0.8,0.8,1.0,1.9,10.1,jonesde02
246,Herbert Jones,SF,25,NOP,44,44,28.5,3.9,7.9,.494,1.4,3.5,.396,2.5,4.4,.573,.582,1.8,2.0,.856,1.1,2.5,3.6,2.5,1.1,0.9,1.2,2.8,10.9,joneshe01
247,Tre Jones,PG,24,SAS,45,16,26.0,3.8,7.7,.497,0.6,2.3,.284,3.2,5.4,.586,.539,1.4,1.6,.886,0.7,2.5,3.2,5.8,1.0,0.1,1.4,1.3,9.7,jonestr01
248,Tyus Jones,PG,27,WAS,49,49,28.5,5.1,10.4,.491,1.4,3.7,.392,3.7,6.7,.546,.561,0.5,0.7,.758,0.3,2.5,2.8,6.3,1.2,0.3,0.9,0.8,12.2,jonesty01
249,DeAndre Jordan,C,35,DEN,26,1,11.7,1.7,2.6,.657,0.0,0.0,,1.7,2.6,.657,.657,0.8,1.8,.447,1.6,2.9,4.5,0.7,0.2,0.5,0.7,1.7,4.2,jordade01
250,Cory Joseph,PG,32,GSW,25,0,11.6,0.8,2.4,.333,0.4,1.6,.282,0.4,0.8,.429,.425,0.2,0.3,.571,0.2,0.9,1.2,1.6,0.2,0.1,0.5,1.0,2.2,josepco01
251,Nikola Jović,PF,20,MIA,19,12,16.7,1.9,4.8,.402,1.0,2.4,.422,0.9,2.5,.383,.505,0.6,1.1,.550,0.9,3.4,4.3,1.9,0.3,0.4,0.9,1.9,5.5,jovicni01
252,Johnny Juzang,SG,22,UTA,1,0,4.0,0.0,2.0,.000,0.0,2.0,.000,0.0,0.0,,.000,0.0,0.0,,0.0,0.0,0.0,1.0,0.0,0.0,0.0,0.0,0.0,juzanjo01
253,Luke Kennard,SG,27,MEM,23,10,24.3,3.5,8.0,.435,2.7,6.1,.443,0.8,1.9,.409,.603,0.7,0.8,.895,0.4,2.7,3.1,3.0,0.4,0.0,1.0,1.1,10.4,kennalu01
254,Walker Kessler,C,22,UTA,43,13,23.2,3.8,5.7,.659,0.1,0.4,.250,3.7,5.3,.687,.667,0.9,1.6,.529,2.5,4.9,7.4,0.8,0.4,2.7,1.0,2.1,8.5,kesslwa01
255,Braxton Key,SF,26,DEN,14,0,3.2,0.4,1.0,.357,0.1,0.3,.250,0.3,0.7,.400,.393,0.3,0.4,.800,0.1,0.6,0.7,0.6,0.1,0.0,0.1,0.3,1.1,keybr01
256,Corey Kispert,SF,24,WAS,48,1,21.9,4.2,8.6,.482,1.9,5.4,.358,2.2,3.2,.690,.594,1.4,1.8,.767,0.3,1.9,2.3,1.5,0.3,0.2,1.1,1.6,11.6,kispeco01
257,Maxi Kleber,C,32,DAL,14,3,19.8,1.6,3.9,.426,0.8,2.2,.355,0.9,1.6,.522,.528,0.8,1.1,.688,0.6,2.4,3.0,1.5,0.3,0.6,1.0,2.4,4.9,klebima01
258,Kevin Knox,SF,24,DET,31,11,18.1,2.8,6.0,.462,1.0,3.0,.330,1.8,3.0,.598,.546,0.6,0.7,.909,0.6,1.8,2.4,0.7,0.4,0.2,0.7,1.6,7.2,knoxke01
259,John Konchar,SF,27,MEM,39,10,18.7,1.4,3.5,.407,0.6,2.0,.299,0.8,1.5,.552,.493,0.3,0.4,.786,1.2,3.1,4.3,1.7,0.7,0.9,0.6,1.2,3.7,konchjo01
260,Furkan Korkmaz,SG,26,PHI,33,0,8.4,0.9,2.2,.411,0.4,1.2,.368,0.5,1.1,.457,.507,0.4,0.6,.700,0.0,0.7,0.8,0.8,0.4,0.0,0.3,0.5,2.7,korkmfu01
261,Luke Kornet,C,28,BOS,34,2,15.1,2.2,3.2,.673,0.0,0.0,,2.2,3.2,.673,.673,0.8,0.9,.903,1.9,2.1,4.0,0.9,0.4,1.0,0.5,1.3,5.2,kornelu01
262,Jonathan Kuminga,PF,21,GSW,45,19,24.8,5.7,10.6,.538,0.8,2.6,.330,4.9,8.1,.603,.577,2.8,4.0,.719,1.2,3.3,4.6,1.7,0.7,0.4,1.6,2.3,15.1,kuminjo01
263,Kyle Kuzma,PF,28,WAS,48,48,31.5,8.5,18.8,.455,2.2,6.7,.329,6.3,12.1,.524,.513,2.5,3.1,.801,1.0,5.5,6.5,4.3,0.4,0.6,2.6,2.1,21.8,kuzmaky01
264,Jock Landale,C,28,HOU,28,0,9.1,0.9,2.4,.394,0.1,0.6,.118,0.9,1.8,.490,.409,0.4,0.5,.733,1.2,0.8,2.0,0.6,0.3,0.4,0.4,0.9,2.3,landajo01
265,Jake LaRavia,PF,22,MEM,11,0,11.1,1.5,3.9,.372,0.5,2.2,.208,1.0,1.7,.579,.430,0.3,0.4,.750,0.6,0.8,1.5,0.5,0.1,0.1,0.4,1.7,3.6,laravja01
266,Zach LaVine,SG,28,CHI,25,23,34.9,6.8,15.0,.452,2.4,6.8,.349,4.4,8.3,.536,.531,3.5,4.1,.854,0.3,4.8,5.2,3.9,0.8,0.3,2.1,2.3,19.5,lavinza01
267,A.J. Lawson,SG,23,DAL,22,0,9.7,1.5,3.5,.447,0.5,1.7,.316,1.0,1.7,.579,.526,0.5,0.8,.706,0.5,0.8,1.3,0.6,0.4,0.1,0.5,0.8,4.2,lawsoaj01
268,Saben Lee,PG,24,PHO,11,0,6.8,0.8,1.9,.429,0.0,0.5,.000,0.8,1.5,.563,.429,1.2,1.5,.765,0.5,0.6,1.1,1.1,0.3,0.3,0.5,0.5,2.8,leesa01
269,Alex Len,C,30,SAC,17,0,8.8,1.1,1.7,.621,0.0,0.1,.000,1.1,1.6,.667,.621,0.2,0.6,.400,1.4,1.9,3.3,1.1,0.2,0.5,0.6,1.1,2.4,lenal01
270,Kawhi Leonard,SF,32,LAC,44,44,34.3,9.1,17.2,.530,2.3,5.1,.451,6.8,12.0,.563,.597,3.7,4.1,.890,1.2,5.2,6.4,3.7,1.7,0.9,1.5,1.5,24.2,leonaka01
271,Caris LeVert,SG,29,CLE,37,1,28.4,5.5,13.0,.424,1.8,5.4,.338,3.7,7.6,.486,.495,2.4,3.2,.756,0.5,2.9,3.4,4.1,1.1,0.4,1.5,1.6,15.3,leverca01
272,Kira Lewis Jr.,PG,22,TOT,16,0,9.1,1.0,3.3,.308,0.1,1.3,.100,0.9,2.0,.438,.327,0.6,0.7,.909,0.3,0.6,0.9,1.1,0.3,0.1,0.5,0.6,2.8,lewiski01
272,Kira Lewis Jr.,PG,22,NOP,15,0,9.6,1.1,3.5,.308,0.1,1.3,.100,0.9,2.1,.438,.327,0.7,0.7,.909,0.3,0.7,0.9,1.2,0.3,0.1,0.5,0.5,2.9,lewiski01
272,Kira Lewis Jr.,PG,22,TOR,1,0,2.0,0.0,0.0,,0.0,0.0,,0.0,0.0,,,0.0,0.0,,0.0,0.0,0.0,0.0,0.0,0.0,0.0,1.0,0.0,lewiski01
273,Maxwell Lewis,SF,21,LAL,18,0,3.7,0.2,0.7,.250,0.1,0.2,.333,0.1,0.5,.222,.292,0.0,0.0,,0.1,0.1,0.2,0.2,0.1,0.0,0.3,0.2,0.4,lewisma05
274,E.J. Liddell,PF,23,NOP,8,0,2.9,0.1,0.8,.167,0.0,0.6,.000,0.1,0.1,1.000,.167,0.3,0.3,1.000,0.0,0.6,0.6,0.1,0.3,0.3,0.3,0.3,0.5,liddeej01
275,Damian Lillard,PG,33,MIL,47,47,35.4,7.4,17.4,.425,3.0,8.5,.347,4.4,8.9,.500,.510,7.2,7.8,.921,0.6,3.6,4.2,6.8,1.0,0.2,2.6,1.7,24.9,lillada01
276,Nassir Little,SF,23,PHO,29,2,13.2,1.6,3.3,.474,0.6,1.9,.296,1.0,1.5,.698,.557,0.6,0.7,.850,0.5,1.7,2.1,0.6,0.3,0.3,0.4,1.1,4.3,littlna01
277,Dereck Lively II,C,19,DAL,36,35,26.0,4.2,5.6,.739,0.0,0.1,.000,4.2,5.6,.746,.739,0.9,1.6,.544,2.9,5.0,7.9,1.3,0.6,1.4,1.2,3.1,9.2,livelde01
278,Isaiah Livers,PF,25,DET,23,6,20.4,1.7,5.0,.345,1.0,3.3,.286,0.8,1.7,.462,.440,0.5,0.8,.667,0.7,1.4,2.1,1.1,0.6,0.2,0.7,1.9,5.0,liveris01
279,Chris Livingston,SF,20,MIL,14,0,4.3,0.5,1.0,.500,0.1,0.1,1.000,0.4,0.9,.462,.536,0.1,0.1,1.000,0.1,0.8,0.9,0.3,0.1,0.0,0.2,0.5,1.2,livinch01
280,Kenneth Lofton Jr.,PF,21,TOT,16,0,6.4,0.9,2.4,.359,0.2,0.6,.300,0.7,1.8,.379,.397,0.5,0.9,.533,0.1,0.9,1.1,0.9,0.2,0.2,0.5,0.9,2.4,loftoke01
280,Kenneth Lofton Jr.,PF,21,MEM,15,0,6.6,0.9,2.5,.378,0.2,0.7,.300,0.7,1.8,.407,.419,0.5,1.0,.533,0.1,0.9,1.0,0.9,0.2,0.2,0.4,1.0,2.6,loftoke01
280,Kenneth Lofton Jr.,PF,21,PHI,1,0,4.0,0.0,2.0,.000,0.0,0.0,,0.0,2.0,.000,.000,0.0,0.0,,0.0,2.0,2.0,0.0,0.0,0.0,2.0,0.0,0.0,loftoke01
281,Kevon Looney,C,27,GSW,46,36,19.2,2.2,3.5,.620,0.0,0.0,.000,2.2,3.5,.623,.620,0.8,1.2,.684,2.4,4.3,6.7,2.2,0.5,0.3,0.8,2.3,5.2,looneke01
282,Brook Lopez,C,35,MIL,48,48,31.9,5.0,10.2,.491,1.8,5.1,.348,3.2,5.1,.633,.578,1.5,1.8,.828,1.6,3.9,5.5,1.6,0.6,2.8,0.9,2.6,13.3,lopezbr01
283,Robin Lopez,C,35,MIL,15,1,3.1,0.3,0.7,.364,0.1,0.5,.286,0.1,0.3,.500,.455,0.1,0.1,1.000,0.1,0.1,0.3,0.3,0.0,0.1,0.1,0.3,0.8,lopezro01
284,Kevin Love,PF,35,MIA,39,5,17.8,2.8,6.5,.440,1.5,4.5,.345,1.3,2.0,.654,.560,1.9,2.4,.787,1.1,5.2,6.3,2.3,0.3,0.2,0.8,1.7,9.1,loveke01
285,Kyle Lowry,PG,37,MIA,37,35,28.0,2.8,6.5,.426,1.7,4.4,.385,1.1,2.2,.506,.554,0.9,1.1,.833,0.7,2.8,3.5,4.0,1.1,0.4,1.4,2.5,8.2,lowryky01
286,Seth Lundy,SF,23,ATL,9,0,5.8,0.4,1.9,.235,0.3,1.4,.231,0.1,0.4,.250,.324,0.3,0.4,.750,0.1,0.7,0.8,0.0,0.0,0.0,0.1,0.7,1.6,lundyse01
287,Trey Lyles,PF,28,SAC,34,0,20.1,2.5,5.4,.459,1.6,4.0,.412,0.9,1.4,.592,.611,0.7,1.1,.649,1.0,3.6,4.5,1.3,0.3,0.3,0.6,1.6,7.4,lylestr01
288,Théo Maledon,PG,22,CHO,13,1,15.4,1.5,5.1,.288,0.4,2.3,.167,1.1,2.8,.389,.326,0.8,0.9,.917,0.3,1.5,1.8,2.2,0.5,0.0,1.2,1.4,4.2,maledth01
289,Sandro Mamukelashvili,C,24,SAS,26,0,6.8,0.9,2.3,.407,0.3,1.2,.250,0.6,1.0,.593,.475,0.5,0.6,.750,0.6,1.3,1.9,1.0,0.2,0.3,0.3,0.7,2.6,mamuksa01
290,Terance Mann,SG,27,LAC,42,38,25.0,3.0,6.4,.463,0.9,2.9,.301,2.1,3.5,.600,.532,0.9,1.1,.771,1.2,2.0,3.1,1.8,0.6,0.3,0.6,1.8,7.7,mannte01
291,Tre Mann,PG,22,OKC,13,0,9.2,1.5,3.1,.500,0.6,1.5,.421,0.9,1.6,.571,.600,0.1,0.1,1.000,0.3,1.5,1.8,1.5,0.2,0.0,0.7,0.2,3.8,manntr01
292,Boban Marjanović,C,35,HOU,9,0,5.3,1.1,2.3,.476,0.0,0.2,.000,1.1,2.1,.526,.476,0.3,0.7,.500,0.7,1.8,2.4,0.4,0.0,0.1,0.2,0.4,2.6,marjabo01
293,Lauri Markkanen,PF,26,UTA,41,41,32.6,7.9,16.0,.496,3.2,8.1,.401,4.7,7.9,.594,.598,4.4,5.0,.879,2.4,6.2,8.6,2.0,0.9,0.5,1.2,2.0,23.5,markkla01
294,Naji Marshall,SF,26,NOP,40,1,18.5,2.6,5.7,.447,0.8,2.2,.371,1.7,3.5,.496,.520,1.4,1.8,.781,1.0,2.6,3.5,2.0,0.7,0.2,1.0,1.5,7.4,marshna01
295,Caleb Martin,SF,28,MIA,33,12,26.5,3.9,8.7,.446,1.1,3.1,.366,2.8,5.6,.489,.510,1.3,1.7,.754,1.2,3.5,4.6,2.2,0.7,0.3,1.2,2.1,10.2,martica02
296,Cody Martin,SF,28,CHO,17,11,25.9,2.8,7.4,.373,1.0,3.0,.333,1.8,4.4,.400,.440,0.7,1.4,.522,0.8,2.4,3.2,3.2,1.1,0.6,1.4,1.8,7.2,martico01
297,KJ Martin,SF,23,TOT,34,0,9.3,1.1,2.2,.500,0.1,0.4,.154,1.1,1.9,.571,.513,0.3,0.7,.478,0.2,0.9,1.1,0.6,0.4,0.1,0.4,1.3,2.6,martike04
297,KJ Martin,SF,23,LAC,2,0,15.5,2.0,5.0,.400,0.5,2.5,.200,1.5,2.5,.600,.450,0.5,1.0,.500,0.5,1.0,1.5,0.5,1.0,0.5,1.0,1.5,5.0,martike04
297,KJ Martin,SF,23,PHI,32,0,8.9,1.1,2.1,.515,0.0,0.3,.125,1.0,1.8,.569,.523,0.3,0.7,.476,0.2,0.8,1.1,0.7,0.3,0.0,0.4,1.3,2.5,martike04
298,Garrison Mathews,SG,27,ATL,34,4,12.7,1.2,2.7,.451,1.1,2.5,.440,0.1,0.2,.571,.654,0.2,0.4,.583,0.3,1.0,1.3,0.5,0.2,0.1,0.4,1.6,3.7,mathega01
299,Bennedict Mathurin,SF,21,IND,49,15,25.8,5.1,11.2,.460,1.3,3.5,.376,3.8,7.7,.497,.518,3.0,3.7,.832,1.0,2.9,3.9,2.0,0.6,0.2,1.6,1.9,14.6,mathube01
300,Wesley Matthews,SG,37,ATL,20,1,11.3,0.6,2.3,.267,0.4,1.8,.229,0.2,0.5,.400,.356,0.7,1.0,.737,0.2,1.2,1.4,0.6,0.5,0.2,0.3,1.4,2.3,matthwe02
301,Tyrese Maxey,PG,23,PHI,44,44,37.4,9.0,19.9,.451,3.2,8.3,.383,5.8,11.7,.499,.530,5.1,5.9,.861,0.6,3.0,3.5,6.4,1.0,0.5,1.5,2.1,26.2,maxeyty01
302,Skylar Mays,PG-SG,26,TOT,26,5,14.8,2.3,5.7,.399,0.6,2.0,.314,1.7,3.7,.443,.453,0.5,0.7,.765,0.4,1.2,1.5,3.1,0.6,0.1,0.7,0.9,5.7,mayssk01
302,Skylar Mays,PG,26,POR,21,5,17.0,2.5,6.6,.384,0.7,2.3,.286,1.9,4.2,.438,.435,0.6,0.8,.765,0.4,1.3,1.8,3.6,0.7,0.1,0.9,1.0,6.3,mayssk01
302,Skylar Mays,SG,26,LAL,5,0,6.0,1.2,2.0,.600,0.4,0.4,1.000,0.8,1.6,.500,.700,0.0,0.0,,0.2,0.4,0.6,1.2,0.4,0.0,0.0,0.8,2.8,mayssk01
303,Miles McBride,PG,23,NYK,37,2,10.8,1.9,4.2,.452,1.1,2.5,.447,0.8,1.6,.459,.587,0.4,0.5,.789,0.1,0.6,0.7,0.9,0.5,0.1,0.4,1.1,5.3,mcbrimi01
304,CJ McCollum,PG,32,NOP,35,35,32.2,6.9,14.8,.465,3.4,7.8,.431,3.5,7.0,.504,.579,2.0,2.6,.789,0.6,3.6,4.2,4.7,1.1,0.9,1.7,2.2,19.2,mccolcj01
305,T.J. McConnell,PG,31,IND,40,4,17.3,3.5,6.6,.525,0.1,0.5,.167,3.4,6.2,.551,.530,0.9,1.2,.761,0.5,2.1,2.7,5.6,1.1,0.1,1.5,1.1,7.9,mccontj01
306,Jaden McDaniels,SF,23,MIN,40,39,28.9,4.4,8.7,.509,1.3,3.4,.368,3.2,5.3,.599,.580,0.7,0.9,.771,0.8,2.0,2.7,1.4,0.9,0.5,1.2,3.1,10.8,mcdanja02
307,Jalen McDaniels,SF,26,TOR,30,0,9.1,1.1,3.3,.343,0.4,1.7,.220,0.8,1.6,.469,.399,0.5,0.7,.700,0.3,1.0,1.2,0.5,0.4,0.1,0.4,0.9,3.1,mcdanja01
308,Doug McDermott,SF,32,SAS,45,0,15.3,2.1,4.7,.443,1.7,3.8,.441,0.4,0.9,.452,.620,0.2,0.4,.588,0.2,0.9,1.0,1.3,0.2,0.0,0.5,1.0,6.1,mcderdo01
309,JaVale McGee,C,36,SAC,37,0,8.2,2.0,3.1,.640,0.0,0.1,.000,2.0,3.0,.658,.640,0.7,1.2,.581,1.0,1.9,2.9,0.4,0.2,0.5,0.8,1.1,4.6,mcgeeja01
310,Bryce McGowens,SG,21,CHO,39,13,16.2,1.8,4.0,.446,0.6,1.9,.342,1.2,2.2,.536,.525,1.0,1.3,.765,0.3,1.4,1.7,1.0,0.3,0.1,0.6,1.4,5.2,mcgowbr01
311,Jordan McLaughlin,PG,27,MIN,29,0,9.4,1.0,2.4,.408,0.6,1.4,.390,0.4,1.0,.433,.521,0.1,0.3,.500,0.3,0.8,1.1,1.8,0.8,0.2,0.4,0.4,2.7,mclaujo01
312,De'Anthony Melton,SG,25,PHI,33,33,29.1,3.9,9.9,.393,2.1,5.8,.363,1.8,4.1,.437,.500,1.9,2.3,.827,0.8,3.2,4.0,3.2,1.6,0.5,1.2,2.4,11.8,meltode01
313,Nathan Mensah,C,25,CHO,23,0,12.3,0.4,1.0,.435,0.0,0.0,,0.4,1.0,.435,.435,0.4,0.5,.750,1.2,1.4,2.6,0.4,0.3,0.6,0.6,2.5,1.3,mensana01
314,Sam Merrill,SG,27,CLE,32,0,16.3,2.8,6.5,.435,2.4,5.6,.436,0.4,0.9,.433,.622,0.3,0.3,.909,0.4,1.6,2.0,1.6,0.3,0.0,0.3,1.3,8.4,merrisa01
315,Chimezie Metu,C,26,PHO,37,5,12.1,1.8,3.5,.508,0.4,1.4,.294,1.4,2.1,.646,.565,1.0,1.2,.884,0.6,2.3,3.0,0.5,0.5,0.2,0.7,1.1,5.0,metuch01
316,Vasilije Micić,PG,30,OKC,29,0,12.1,1.3,3.1,.411,0.4,1.5,.250,0.9,1.6,.565,.472,0.5,0.7,.737,0.0,0.8,0.8,2.6,0.3,0.1,0.9,0.8,3.4,micicva01
317,Khris Middleton,SF,32,MIL,42,42,26.7,5.7,11.8,.486,1.7,4.6,.375,4.0,7.2,.556,.559,1.9,2.2,.839,0.6,3.7,4.3,5.1,0.9,0.3,2.1,2.5,15.0,middlkh01
318,Brandon Miller,SF,21,CHO,42,36,31.2,6.0,13.6,.436,2.3,5.9,.385,3.7,7.8,.475,.519,1.9,2.3,.821,0.9,3.1,3.9,2.3,0.7,0.5,1.5,2.6,16.0,millebr02
319,Jordan Miller,SF,24,LAC,4,0,4.0,0.8,1.3,.600,0.3,0.3,1.000,0.5,1.0,.500,.700,0.0,0.0,,0.5,0.3,0.8,0.0,0.0,0.0,0.3,0.5,1.8,millejo02
320,Leonard Miller,SF,20,MIN,5,0,3.8,1.2,1.8,.667,0.2,0.6,.333,1.0,1.2,.833,.722,0.0,0.0,,0.0,1.8,1.8,0.2,0.2,0.2,0.2,0.6,2.6,millele01
321,Dariq Whitehead,SF,19,BRK,2,0,12.0,0.5,2.5,.200,0.0,1.5,.000,0.5,1.0,.500,.200,0.5,1.0,.500,0.0,2.0,2.0,1.5,0.0,0.5,0.0,0.0,1.5,whiteda01
322,Patty Mills,PG,35,ATL,18,0,10.7,1.1,2.7,.388,0.7,1.8,.394,0.3,0.9,.375,.520,0.0,0.0,,0.3,0.7,1.0,0.7,0.4,0.1,0.4,0.9,2.8,millspa02
323,Shake Milton,SG,27,MIN,38,0,12.9,1.7,4.2,.400,0.4,1.4,.264,1.3,2.8,.467,.444,0.9,1.2,.818,0.2,1.2,1.3,1.3,0.4,0.1,0.7,1.2,4.7,miltosh01
324,Justin Minaya,SF,24,POR,14,0,9.0,0.4,1.5,.286,0.2,0.9,.231,0.2,0.6,.375,.357,0.2,0.4,.500,0.5,0.6,1.1,0.4,0.3,0.4,0.2,0.6,1.3,minayju01
325,Josh Minott,SF,21,MIN,15,0,3.1,0.5,1.2,.444,0.0,0.3,.000,0.5,0.9,.615,.444,0.7,0.8,.833,0.1,0.1,0.2,0.2,0.1,0.2,0.1,0.4,1.7,minotjo01
326,Davion Mitchell,PG,25,SAC,38,3,12.7,1.4,3.6,.380,0.5,1.8,.257,0.9,1.8,.507,.445,0.4,0.6,.762,0.2,0.9,1.0,1.8,0.2,0.1,0.6,1.1,3.6,mitchda01
327,Donovan Mitchell,SG,27,CLE,38,38,35.6,9.9,21.1,.469,3.2,9.2,.351,6.7,12.0,.560,.545,5.2,6.0,.856,1.1,4.4,5.5,6.4,1.9,0.5,2.8,2.2,28.2,mitchdo01
328,Evan Mobley,PF,22,CLE,24,24,32.2,6.7,11.5,.581,0.2,0.6,.357,6.5,11.0,.593,.590,2.3,3.0,.775,2.5,7.6,10.1,2.8,0.8,1.5,2.1,2.9,15.9,mobleev01
329,Isaiah Mobley,PF,24,CLE,3,0,4.7,0.7,1.3,.500,0.3,0.7,.500,0.3,0.7,.500,.625,0.0,0.0,,0.0,0.7,0.7,1.3,0.3,0.0,0.3,0.7,1.7,mobleis01
330,Malik Monk,SG,25,SAC,47,0,25.6,5.0,11.3,.439,2.3,6.0,.379,2.7,5.3,.506,.539,2.4,2.9,.812,0.4,2.3,2.7,5.4,0.6,0.6,2.1,2.0,14.6,monkma01
331,Moses Moody,SG,21,GSW,34,4,18.0,3.1,6.5,.482,1.1,3.1,.358,2.0,3.4,.595,.568,1.3,1.7,.789,1.1,2.0,3.1,0.8,0.7,0.3,0.7,1.4,8.7,moodymo01
332,Xavier Moon,SG,29,LAC,2,0,6.0,0.5,1.0,.500,0.0,0.5,.000,0.5,0.5,1.000,.500,0.0,0.0,,0.0,1.0,1.0,1.5,0.0,0.0,0.5,0.5,1.0,moonxa01
333,Taze Moore,SG,25,POR,3,0,3.3,1.0,1.7,.600,0.0,0.7,.000,1.0,1.0,1.000,.600,0.0,0.0,,0.0,0.0,0.0,0.3,0.3,0.0,0.3,0.7,2.0,mooreta02
334,Wendell Moore Jr.,SG,22,MIN,13,0,3.2,0.4,0.6,.625,0.0,0.2,.000,0.4,0.4,1.000,.625,0.0,0.0,,0.0,0.4,0.4,0.2,0.3,0.1,0.2,0.3,0.8,moorewe01
335,Ja Morant,PG,24,MEM,9,9,35.3,8.9,18.9,.471,1.6,5.7,.275,7.3,13.2,.555,.512,5.8,7.1,.813,0.7,4.9,5.6,8.1,0.8,0.6,3.0,2.1,25.1,moranja01
336,Marcus Morris,PF,34,PHI,36,7,17.0,2.4,5.4,.441,0.9,2.4,.395,1.4,3.0,.477,.528,0.9,1.0,.861,0.5,2.4,2.9,0.7,0.3,0.3,0.5,1.7,6.6,morrima03
337,Markieff Morris,PF,34,DAL,16,1,9.4,0.9,2.9,.319,0.6,1.8,.321,0.4,1.2,.316,.415,0.2,0.3,.750,0.3,1.5,1.8,0.7,0.3,0.1,0.6,0.7,2.6,morrima02
338,Monte Morris,PG,28,DET,6,0,11.3,2.0,5.5,.364,0.3,1.8,.182,1.7,3.7,.455,.394,0.2,0.3,.500,0.3,1.7,2.0,1.3,0.2,0.2,0.3,0.2,4.5,morrimo01
339,Trey Murphy III,SF,23,NOP,24,5,25.9,4.3,10.1,.428,2.5,7.0,.357,1.8,3.1,.587,.551,1.6,2.1,.780,0.5,3.3,3.8,1.8,0.7,0.3,0.6,1.2,12.8,murphtr02
340,Dejounte Murray,SG,27,ATL,48,48,35.0,8.3,17.7,.468,2.3,6.2,.368,6.0,11.5,.521,.532,2.6,3.2,.836,0.7,4.4,5.1,5.2,1.3,0.3,2.2,1.8,21.5,murrade01
341,Jamal Murray,PG,26,DEN,37,37,31.9,7.9,16.7,.471,2.4,5.9,.406,5.5,10.8,.506,.543,2.8,3.3,.854,0.7,3.2,4.0,6.6,0.8,0.7,1.9,2.0,21.0,murraja01
342,Keegan Murray,SF,23,SAC,44,44,32.9,5.9,12.8,.465,2.4,6.5,.365,3.5,6.2,.571,.559,1.4,1.8,.792,1.3,4.1,5.4,1.6,1.2,0.6,0.8,2.6,15.6,murrake02
343,Kris Murray,SF,23,POR,30,1,12.7,1.3,3.5,.381,0.5,1.8,.283,0.8,1.7,.481,.452,0.3,0.4,.667,0.6,1.2,1.8,0.6,0.8,0.2,0.5,0.8,3.4,murrakr01
344,Mike Muscala,C,32,TOT,32,3,13.7,1.3,3.5,.378,0.7,2.2,.319,0.6,1.3,.476,.477,0.5,0.7,.727,0.9,2.1,2.9,0.9,0.2,0.3,0.5,1.3,3.8,muscami01
344,Mike Muscala,C,32,WAS,24,2,14.1,1.4,3.8,.367,0.6,2.1,.275,0.8,1.6,.487,.444,0.6,0.8,.750,0.9,2.2,3.1,0.9,0.2,0.3,0.7,1.3,4.0,muscami01
344,Mike Muscala,C,32,DET,8,1,12.4,1.1,2.6,.429,1.0,2.3,.444,0.1,0.4,.333,.619,0.1,0.3,.500,0.8,1.6,2.4,0.8,0.1,0.5,0.1,1.3,3.4,muscami01
345,Svi Mykhailiuk,SF,26,BOS,22,0,7.6,1.0,2.9,.333,0.7,2.4,.308,0.2,0.5,.455,.460,0.1,0.3,.500,0.2,0.7,0.9,0.5,0.3,0.0,0.3,0.5,2.8,mykhasv01
346,Larry Nance Jr.,C,31,NOP,31,0,17.8,2.2,3.9,.567,0.6,1.3,.462,1.6,2.6,.617,.642,0.8,1.0,.800,1.3,3.8,5.1,1.3,1.0,0.4,0.7,1.2,5.7,nancela02
347,Pete Nance,PF,23,CLE,2,0,2.0,0.0,1.0,.000,0.0,0.0,,0.0,1.0,.000,.000,0.0,0.0,,0.0,0.0,0.0,0.0,0.0,0.0,0.0,0.0,0.0,nancepe01
348,Andrew Nembhard,PG,24,IND,37,16,21.7,3.7,7.8,.478,0.7,2.2,.313,3.0,5.6,.544,.522,0.8,0.9,.800,0.6,1.2,1.8,4.5,0.8,0.1,1.8,2.0,8.9,nembhan01
349,Aaron Nesmith,SF,24,IND,46,21,27.0,4.6,8.8,.523,2.2,4.7,.463,2.5,4.2,.592,.646,1.2,1.7,.727,1.0,3.0,4.0,1.5,1.0,0.7,0.9,3.3,12.6,nesmiaa01
350,Georges Niang,PF,30,CLE,47,1,22.0,3.3,7.9,.425,1.7,4.9,.351,1.6,2.9,.551,.535,0.7,0.8,.868,0.3,3.4,3.7,1.3,0.2,0.2,0.7,2.3,9.1,niangge01
351,Daishen Nix,PG,21,MIN,6,0,3.5,0.5,1.3,.375,0.3,0.8,.400,0.2,0.5,.333,.500,0.0,0.3,.000,0.0,0.2,0.2,0.0,0.2,0.0,0.0,0.0,1.3,nixda01
352,Zeke Nnaji,PF,23,DEN,37,0,9.4,1.1,2.5,.457,0.1,0.4,.313,1.0,2.1,.487,.484,0.7,1.1,.641,1.1,1.0,2.1,0.5,0.2,0.5,0.6,1.5,3.1,nnajize01
353,Jaylen Nowell,SG,24,MEM,9,1,17.3,2.4,6.1,.400,0.4,2.6,.174,2.0,3.6,.563,.436,0.3,0.3,1.000,0.3,1.2,1.6,1.8,0.3,0.0,0.6,1.4,5.7,nowelja01
354,Markquis Nowell,SG,24,TOR,1,0,4.0,0.0,1.0,.000,0.0,0.0,,0.0,1.0,.000,.000,2.0,2.0,1.000,2.0,0.0,2.0,2.0,1.0,0.0,0.0,0.0,2.0,nowelma01
355,Frank Ntilikina,PG,25,CHO,5,0,8.6,0.2,1.8,.111,0.2,1.6,.125,0.0,0.2,.000,.167,0.4,0.4,1.000,0.2,1.0,1.2,0.8,0.0,0.0,0.2,0.8,1.0,ntilila01
356,Jusuf Nurkić,C,29,PHO,47,47,27.3,4.6,9.0,.514,0.4,1.7,.263,4.2,7.3,.573,.539,2.3,3.3,.703,2.6,7.7,10.3,3.7,1.0,1.0,2.1,3.3,12.0,nurkiju01
357,Jordan Nwora,SF,25,TOT,23,0,11.3,2.3,5.0,.465,0.8,2.3,.358,1.5,2.7,.557,.548,0.9,1.0,.875,0.5,1.5,2.0,1.1,0.4,0.1,0.7,1.2,6.3,nworajo01
357,Jordan Nwora,SF,25,IND,18,0,10.2,2.1,4.6,.451,0.6,2.0,.306,1.4,2.6,.565,.518,0.5,0.6,.818,0.4,1.4,1.8,1.0,0.3,0.1,0.7,1.1,5.2,nworajo01
357,Jordan Nwora,SF,25,TOR,5,0,15.6,3.2,6.4,.500,1.6,3.4,.471,1.6,3.0,.533,.625,2.4,2.6,.923,0.8,1.8,2.6,1.4,0.6,0.4,0.6,1.8,10.4,nworajo01
358,Royce O'Neale,SF,30,BRK,47,6,24.3,2.4,6.3,.387,1.9,5.1,.364,0.6,1.2,.491,.535,0.3,0.4,.650,0.8,3.7,4.5,2.9,0.7,0.6,1.0,2.4,7.0,onealro01
359,Chuma Okeke,SF,25,ORL,29,8,12.7,1.2,3.3,.379,0.8,2.4,.310,0.5,0.8,.583,.495,0.1,0.2,.400,0.6,1.8,2.4,0.6,0.2,0.2,0.4,0.6,3.3,okekech01
360,Josh Okogie,SG,25,PHO,44,11,18.1,1.6,3.8,.414,0.5,1.8,.273,1.1,2.1,.533,.476,1.5,2.0,.719,1.3,1.6,2.9,1.2,0.9,0.5,0.5,1.4,5.1,okogijo01
361,Onyeka Okongwu,C,23,ATL,48,3,25.0,3.8,6.3,.603,0.4,1.2,.321,3.4,5.1,.668,.633,1.7,2.1,.820,2.6,4.3,6.8,1.3,0.5,1.0,0.8,2.9,9.6,okongon01
362,Isaac Okoro,SF,23,CLE,38,24,26.3,3.2,6.5,.492,0.9,2.5,.372,2.3,4.1,.565,.563,1.5,2.2,.687,1.2,1.9,3.2,1.9,0.9,0.4,0.8,2.1,8.8,okorois01
363,Kelly Olynyk,C,32,UTA,49,8,20.5,2.9,5.1,.560,0.7,1.7,.429,2.1,3.4,.625,.631,1.6,1.9,.839,1.2,3.9,5.1,4.3,0.8,0.2,1.7,2.7,8.1,olynyke01
364,Eugene Omoruyi,SF,26,WAS,20,0,6.7,1.9,3.4,.567,0.3,1.0,.300,1.6,2.4,.681,.612,1.0,1.3,.760,0.8,1.1,1.9,0.7,0.6,0.1,0.5,1.2,5.1,omorueu01
365,Cedi Osman,SF,28,SAS,50,1,18.1,2.7,5.7,.477,1.2,3.2,.370,1.5,2.5,.616,.582,0.6,1.0,.667,0.4,2.1,2.5,1.8,0.5,0.2,0.7,1.6,7.3,osmande01
366,Kelly Oubre Jr.,SF,28,PHI,36,25,28.0,5.0,10.8,.464,1.5,4.4,.331,3.5,6.3,.557,.532,1.9,2.6,.745,1.0,3.2,4.3,1.1,1.2,0.6,0.9,2.8,13.4,oubreke01
367,Chris Paul,PG,38,GSW,32,11,27.6,3.3,7.7,.424,1.3,3.7,.361,1.9,3.9,.484,.512,1.1,1.3,.833,0.3,3.5,3.8,7.2,1.1,0.1,1.2,1.8,8.9,paulch01
368,Cameron Payne,PG,29,MIL,46,2,14.8,2.1,4.6,.458,1.1,2.8,.402,1.0,1.8,.541,.578,0.8,0.9,.875,0.1,1.2,1.3,2.3,0.4,0.1,0.7,1.5,6.1,payneca01
369,Gary Payton II,SG,31,GSW,16,0,16.3,2.3,4.9,.456,0.6,2.0,.281,1.7,2.9,.574,.513,0.4,0.6,.667,1.0,2.0,3.0,0.8,1.1,0.3,0.6,1.8,5.4,paytoga02
370,Drew Peterson,PF,24,BOS,1,0,3.0,1.0,1.0,1.000,1.0,1.0,1.000,0.0,0.0,,1.500,0.0,0.0,,0.0,0.0,0.0,1.0,0.0,0.0,0.0,1.0,3.0,peterdr01
371,Filip Petrušev,C,23,TOT,3,0,3.3,0.3,0.7,.500,0.0,0.0,,0.3,0.7,.500,.500,0.3,0.7,.500,0.0,0.3,0.3,0.0,0.0,0.0,0.0,0.3,1.0,petrufi01
371,Filip Petrušev,C,23,PHI,1,0,3.0,0.0,0.0,,0.0,0.0,,0.0,0.0,,,0.0,0.0,,0.0,1.0,1.0,0.0,0.0,0.0,0.0,0.0,0.0,petrufi01
371,Filip Petrušev,C,23,SAC,2,0,3.5,0.5,1.0,.500,0.0,0.0,,0.5,1.0,.500,.500,0.5,1.0,.500,0.0,0.0,0.0,0.0,0.0,0.0,0.0,0.5,1.5,petrufi01
372,Julian Phillips,SF,20,CHI,26,0,6.4,0.7,1.5,.425,0.2,0.8,.227,0.5,0.7,.667,.488,0.2,0.4,.545,0.2,0.4,0.6,0.3,0.0,0.2,0.2,1.0,1.7,phillju01
373,Jalen Pickett,SG,24,DEN,16,0,6.1,0.8,1.8,.429,0.4,1.3,.350,0.3,0.5,.625,.554,0.1,0.1,1.000,0.1,0.6,0.7,0.8,0.2,0.0,0.4,0.5,2.1,pickeja02
374,Scotty Pippen Jr.,PG,23,MEM,6,2,21.3,3.3,7.0,.476,1.3,2.3,.571,2.0,4.7,.429,.571,2.5,3.3,.750,0.8,2.8,3.7,4.0,1.2,0.3,2.3,2.3,10.5,pippesc02
375,Mason Plumlee,C,33,LAC,18,8,18.4,2.4,3.7,.652,0.0,0.0,,2.4,3.7,.652,.652,1.6,2.6,.630,1.6,4.4,6.0,1.1,0.3,0.3,0.6,1.4,6.4,plumlma01
376,Brandin Podziemski,SG,20,GSW,40,11,25.5,3.8,8.1,.467,1.2,3.3,.369,2.6,4.8,.534,.542,0.7,1.1,.622,1.5,4.1,5.6,3.6,0.9,0.2,1.2,1.9,9.5,podzibr01
377,Jakob Poeltl,C,28,TOR,38,38,26.5,4.8,6.9,.691,0.0,0.0,,4.8,6.9,.691,.691,1.2,2.2,.542,2.7,5.6,8.3,2.4,0.6,1.4,1.6,3.1,10.7,poeltja01
378,Aleksej Pokusevski,PF,22,OKC,9,0,6.1,0.4,1.7,.267,0.2,1.1,.200,0.2,0.6,.400,.333,0.2,0.4,.500,0.2,0.9,1.1,0.6,0.1,0.1,0.3,0.6,1.3,pokusal01
379,Jordan Poole,SG,24,WAS,47,47,29.1,5.8,14.3,.407,1.9,6.4,.301,3.9,7.9,.492,.474,2.7,3.1,.868,0.4,1.9,2.3,3.6,1.0,0.4,2.1,3.0,16.2,poolejo01
380,Craig Porter Jr.,PG,23,CLE,30,5,15.4,2.8,5.5,.512,0.2,0.7,.333,2.6,4.8,.538,.534,1.1,1.5,.696,0.5,2.1,2.6,3.0,0.6,0.4,1.1,1.0,6.9,portecr01
381,Jontay Porter,PF,24,TOR,14,5,14.3,1.6,4.4,.361,0.8,2.4,.333,0.8,2.0,.393,.451,0.8,0.9,.917,1.1,2.4,3.5,2.1,0.8,0.8,0.6,1.8,4.7,portejo01
382,Michael Porter Jr.,SF,25,DEN,51,51,31.4,6.1,12.9,.471,2.7,6.8,.393,3.4,6.0,.560,.575,1.0,1.2,.778,1.3,5.7,7.0,1.4,0.5,0.7,1.1,1.9,15.8,portemi01
383,Otto Porter Jr.,SF,30,TOR,15,1,11.6,0.9,2.2,.424,0.5,1.5,.348,0.4,0.7,.600,.545,0.2,0.2,1.000,0.4,1.5,1.9,0.5,0.3,0.3,0.1,1.3,2.6,porteot01
384,Bobby Portis,PF,28,MIL,50,1,23.7,5.1,10.1,.500,1.1,3.0,.380,3.9,7.1,.551,.556,1.3,1.7,.779,1.6,5.3,6.9,1.0,0.7,0.4,0.9,2.5,12.6,portibo01
385,Kristaps Porziņģis,C,28,BOS,36,36,29.7,6.6,12.6,.522,1.8,5.1,.351,4.8,7.4,.640,.594,4.6,5.5,.839,1.7,5.3,6.9,2.0,0.7,1.9,1.7,2.9,19.6,porzikr01
386,Micah Potter,PF,25,UTA,2,0,3.5,0.0,0.5,.000,0.0,0.5,.000,0.0,0.0,,.000,0.0,0.0,,0.0,2.0,2.0,0.0,0.0,0.0,0.0,0.0,0.0,pottemi01
387,Dwight Powell,C,32,DAL,42,8,15.7,1.5,2.1,.713,0.0,0.0,.500,1.5,2.0,.718,.718,1.4,1.9,.734,1.8,2.1,3.9,1.7,0.5,0.4,0.6,2.1,4.4,poweldw01
388,Norman Powell,SG,30,LAC,48,0,25.5,4.8,9.6,.496,2.1,4.7,.446,2.7,5.0,.542,.604,1.9,2.3,.852,0.2,2.5,2.6,1.1,0.5,0.4,0.9,1.9,13.5,powelno01
389,Joshua Primo,SG,21,LAC,1,0,5.0,1.0,2.0,.500,0.0,1.0,.000,1.0,1.0,1.000,.500,0.0,0.0,,0.0,0.0,0.0,0.0,0.0,1.0,3.0,0.0,2.0,primojo01
390,Taurean Prince,PF,29,LAL,48,47,30.5,3.5,8.1,.432,2.1,5.3,.388,1.4,2.8,.515,.559,0.6,0.8,.750,0.2,2.7,2.9,1.8,0.9,0.5,0.9,2.3,9.7,princta02
391,Payton Pritchard,PG,26,BOS,50,0,20.8,2.8,6.6,.420,1.6,4.5,.368,1.1,2.2,.528,.544,0.6,0.7,.806,0.9,2.2,3.1,2.9,0.4,0.1,0.6,1.3,7.8,pritcpa01
392,Olivier-Maxence Prosper,PF,21,DAL,25,0,9.6,0.9,2.6,.354,0.3,1.3,.250,0.6,1.3,.455,.415,0.9,1.4,.676,0.6,1.6,2.2,0.8,0.1,0.1,0.2,0.7,3.1,prospol01
393,Trevelin Queen,SG,26,ORL,12,0,12.9,1.2,3.0,.389,0.3,1.3,.188,0.9,1.7,.550,.431,0.8,1.0,.750,0.3,1.3,1.5,1.5,0.6,0.4,0.6,1.2,3.3,queentr01
394,Neemias Queta,C,24,BOS,22,0,12.2,2.0,3.4,.608,0.0,0.0,,2.0,3.4,.608,.608,0.7,0.9,.750,1.9,2.5,4.5,0.5,0.4,0.6,0.4,1.9,4.8,quetane01
395,Immanuel Quickley,SG-PG,24,TOT,44,14,26.7,5.3,12.1,.436,2.4,5.8,.409,2.9,6.4,.461,.534,2.8,3.3,.853,0.2,2.9,3.1,3.7,0.6,0.1,1.1,1.6,15.7,quickim01
395,Immanuel Quickley,SG,24,NYK,30,0,24.0,5.1,11.2,.454,2.1,5.4,.395,2.9,5.8,.509,.549,2.7,3.1,.872,0.2,2.4,2.6,2.5,0.5,0.1,1.0,1.5,15.0,quickim01
395,Immanuel Quickley,PG,24,TOR,14,14,32.4,5.8,14.2,.407,2.9,6.6,.435,2.9,7.6,.383,.508,2.9,3.5,.816,0.4,3.9,4.2,6.4,0.7,0.1,1.3,1.9,17.3,quickim01
396,Lester Quinones,SG,23,GSW,12,0,9.2,1.6,3.5,.452,1.0,2.3,.444,0.6,1.3,.467,.595,0.3,0.5,.667,0.8,1.2,1.9,0.5,0.1,0.1,0.7,1.1,4.5,quinole01
397,Julius Randle,PF,29,NYK,46,46,35.4,8.6,18.2,.472,1.7,5.3,.311,6.9,12.9,.539,.518,5.1,6.6,.781,2.2,7.0,9.2,5.0,0.5,0.3,3.5,2.7,24.0,randlju01
398,Duop Reath,C,27,POR,38,11,17.6,3.3,6.9,.485,1.4,3.6,.393,1.9,3.3,.583,.586,1.0,1.3,.760,1.4,2.5,3.8,1.2,0.5,0.5,0.8,2.5,9.1,reathdu01
399,Austin Reaves,SG,25,LAL,51,26,30.8,5.4,11.1,.488,1.7,4.7,.363,3.7,6.4,.580,.565,3.2,3.7,.861,0.7,3.2,4.0,5.2,0.9,0.2,2.1,1.8,15.6,reaveau01
400,Cam Reddish,SF,24,LAL,35,26,23.3,2.4,5.9,.405,0.9,2.7,.337,1.5,3.1,.464,.483,1.0,1.3,.783,0.5,1.9,2.4,1.3,1.2,0.3,0.9,1.6,6.7,reddica01
401,Paul Reed,C,24,PHI,48,12,16.2,2.7,4.9,.545,0.2,0.6,.370,2.5,4.3,.567,.566,0.6,0.8,.711,2.0,3.0,5.0,1.2,0.7,0.7,0.8,2.3,6.1,reedpa01
402,Naz Reid,C,24,MIN,50,0,22.4,4.6,9.5,.489,1.9,4.7,.415,2.7,4.8,.563,.592,1.1,1.4,.750,0.9,3.7,4.6,1.1,0.7,0.7,1.3,2.0,12.3,reidna01
403,Jared Rhoden,SG,24,DET,5,0,6.0,1.0,1.8,.556,0.2,0.8,.250,0.8,1.0,.800,.611,0.4,0.4,1.000,0.2,0.6,0.8,0.6,0.0,0.0,0.4,0.8,2.6,rhodeja01
404,Nick Richards,C,26,CHO,39,26,25.5,3.7,5.4,.687,0.0,0.0,,3.7,5.4,.687,.687,2.2,2.9,.743,2.7,5.2,7.9,0.9,0.3,1.3,1.1,2.7,9.6,richani01
405,Josh Richardson,SG,30,MIA,40,6,26.1,3.7,8.3,.441,1.6,4.5,.343,2.1,3.8,.560,.535,1.2,1.3,.940,0.4,2.4,2.8,2.6,0.6,0.4,0.9,1.8,10.0,richajo01
406,Duncan Robinson,SF,29,MIA,45,17,27.5,4.6,10.1,.452,2.8,6.8,.404,1.8,3.3,.550,.588,1.3,1.5,.879,0.2,2.2,2.5,2.8,0.6,0.2,1.4,2.3,13.2,robindu01
407,Jerome Robinson,SG,26,GSW,8,0,3.5,0.0,1.1,.000,0.0,0.6,.000,0.0,0.5,.000,.000,0.5,0.8,.667,0.1,0.3,0.4,0.3,0.0,0.1,0.0,0.1,0.5,robinje01
408,Mitchell Robinson,C,25,NYK,21,21,29.2,2.8,4.7,.592,0.0,0.0,,2.8,4.7,.592,.592,0.7,1.8,.368,5.3,5.0,10.3,0.7,1.5,1.3,1.0,1.9,6.2,robinmi01
409,Orlando Robinson,C,23,MIA,20,7,11.5,1.6,3.0,.517,0.4,0.6,.583,1.2,2.4,.500,.575,0.7,1.0,.700,1.0,2.2,3.1,1.4,0.3,0.4,0.7,1.5,4.2,robinor01
410,Jeremiah Robinson-Earl,PF,23,NOP,19,1,10.8,1.6,3.0,.526,0.4,1.1,.381,1.2,1.9,.611,.596,0.5,0.6,.909,0.7,1.8,2.5,0.5,0.4,0.2,0.5,0.7,4.1,robinje02
411,David Roddy,PF,22,MEM,47,13,23.2,3.2,8.0,.397,0.9,3.2,.291,2.2,4.8,.469,.456,1.0,1.4,.708,1.1,3.1,4.2,1.6,0.5,0.2,1.1,1.4,8.3,roddyda01
412,Ryan Rollins,PG,21,WAS,10,0,6.6,1.3,2.5,.520,0.2,0.3,.667,1.1,2.2,.500,.560,1.3,1.7,.765,0.2,0.9,1.1,1.1,0.8,0.3,0.7,0.7,4.1,rolliry01
413,Derrick Rose,PG,35,MEM,18,7,17.8,3.4,7.6,.445,0.7,2.0,.333,2.7,5.6,.485,.489,1.1,1.2,.909,0.4,1.3,1.7,3.4,0.4,0.1,1.2,1.1,8.6,rosede01
414,Terry Rozier,SG-PG,29,TOT,37,36,34.6,7.6,17.1,.442,2.4,7.1,.341,5.1,10.0,.514,.513,3.5,4.0,.865,0.6,3.4,4.1,6.4,1.1,0.4,2.0,1.8,21.0,roziete01
414,Terry Rozier,SG,29,CHO,30,30,35.5,8.4,18.3,.459,2.8,7.7,.358,5.6,10.6,.533,.535,3.6,4.3,.845,0.6,3.3,3.9,6.6,1.1,0.4,2.2,1.7,23.2,roziete01
414,Terry Rozier,PG,29,MIA,7,6,30.7,4.0,12.1,.329,1.0,4.6,.219,3.0,7.6,.396,.371,2.7,2.7,1.000,0.9,3.9,4.7,5.4,1.0,0.3,1.3,2.1,11.7,roziete01
415,Rayan Rupert,SG,19,POR,16,0,7.4,0.9,2.7,.349,0.4,1.1,.412,0.5,1.6,.308,.430,0.3,0.5,.625,0.4,0.9,1.3,0.7,0.2,0.0,0.4,0.4,2.6,ruperra01
416,D'Angelo Russell,PG,27,LAL,47,40,30.8,6.3,13.5,.465,2.6,6.2,.416,3.7,7.3,.506,.560,1.9,2.4,.795,0.4,2.3,2.7,6.2,0.8,0.5,1.9,2.0,17.0,russeda01
417,Matt Ryan,SF,26,NOP,13,1,22.9,2.9,6.4,.458,2.5,5.2,.471,0.5,1.2,.400,.651,1.0,1.1,.929,0.4,1.9,2.3,1.1,0.4,0.1,1.2,1.8,9.3,ryanma01
418,Domantas Sabonis,C,27,SAC,48,48,35.5,8.0,12.9,.619,0.5,1.1,.434,7.5,11.8,.636,.637,3.4,5.0,.689,3.2,9.8,13.0,8.0,0.8,0.5,3.4,3.2,19.9,sabondo01
419,Luka Šamanić,PF,24,UTA,22,0,6.1,1.0,2.6,.386,0.2,1.0,.238,0.8,1.6,.472,.430,0.6,0.8,.824,0.3,1.5,1.8,0.2,0.0,0.1,0.4,0.6,2.9,samanlu01
420,Jermaine Samuels,SF,25,HOU,11,0,4.8,0.7,1.0,.727,0.0,0.2,.000,0.7,0.8,.889,.727,0.2,0.2,1.000,0.2,0.8,1.0,0.2,0.1,0.1,0.0,0.4,1.6,samueje01
421,Adama Sanogo,PF,21,CHI,3,0,3.7,1.0,1.0,1.000,0.0,0.0,,1.0,1.0,1.000,1.000,0.7,1.0,.667,0.7,1.3,2.0,0.0,0.0,0.0,0.3,0.0,2.7,sanogad01
422,Gui Santos,PF,21,GSW,8,0,7.6,0.8,1.9,.400,0.1,1.0,.125,0.6,0.9,.714,.433,1.0,1.0,1.000,0.9,1.1,2.0,0.6,0.0,0.0,0.4,1.1,2.6,santogu01
423,Dario Šarić,C,29,GSW,44,9,20.5,3.5,7.4,.481,1.5,3.8,.412,2.0,3.6,.553,.586,1.6,1.9,.854,1.4,4.0,5.5,2.6,0.6,0.2,1.3,2.2,10.2,saricda01
424,Olivier Sarr,C,24,OKC,11,0,7.4,0.6,1.3,.500,0.2,0.5,.333,0.5,0.7,.625,.571,0.6,0.9,.700,0.7,2.1,2.8,0.2,0.0,0.5,0.3,1.5,2.1,sarrol01
425,Marcus Sasser,PG,23,DET,44,0,15.4,2.8,5.8,.484,1.1,2.6,.435,1.7,3.2,.525,.582,0.7,0.7,.906,0.1,1.3,1.5,2.7,0.5,0.2,0.9,1.3,7.4,sassema01
426,Admiral Schofield,PF,26,ORL,12,0,3.8,0.4,1.3,.333,0.2,0.8,.222,0.3,0.5,.500,.400,0.0,0.2,.000,0.1,0.5,0.6,0.3,0.0,0.0,0.3,0.6,1.0,schofad01
427,Dennis Schröder,PG,30,TOR,49,33,30.9,5.0,11.1,.445,1.5,4.3,.349,3.4,6.8,.506,.513,2.5,2.9,.859,0.4,2.3,2.8,6.2,0.9,0.1,1.6,2.1,13.9,schrode01
428,Dereon Seabron,SG,23,NOP,5,0,10.4,0.8,2.6,.308,0.2,0.4,.500,0.6,2.2,.273,.346,1.0,1.2,.833,0.2,1.2,1.4,0.8,0.4,0.2,0.0,0.8,2.8,seabrde01
429,Alperen Şengün,C,21,HOU,49,49,32.6,8.6,15.9,.543,0.6,2.0,.292,8.0,13.9,.579,.561,3.8,5.3,.718,2.7,6.6,9.3,5.1,1.2,0.7,2.6,3.3,21.6,sengual01
430,Brice Sensabaugh,SF,20,UTA,4,0,3.0,0.5,1.5,.333,0.3,0.5,.500,0.3,1.0,.250,.417,0.0,0.0,,0.3,0.5,0.8,0.5,0.0,0.0,0.0,0.3,1.3,sensabr01
431,Collin Sexton,SG,25,UTA,51,28,24.3,5.9,12.3,.483,1.5,4.0,.384,4.4,8.3,.531,.545,4.1,4.6,.882,0.9,1.7,2.6,4.4,0.7,0.2,1.9,2.0,17.5,sextoco01
432,Landry Shamet,SG,26,WAS,32,0,15.1,2.8,6.2,.452,1.3,3.4,.370,1.6,2.8,.549,.553,1.0,1.2,.795,0.3,1.0,1.3,1.3,0.5,0.2,0.6,1.7,7.8,shamela01
433,Day'Ron Sharpe,C,22,BRK,37,1,16.0,3.0,5.2,.575,0.0,0.2,.143,3.0,5.0,.591,.578,1.5,2.4,.614,2.8,4.2,7.0,1.4,0.5,0.9,1.0,2.3,7.5,sharpda01
434,Shaedon Sharpe,SG,20,POR,32,25,33.1,5.5,13.6,.406,1.9,5.6,.333,3.6,7.9,.457,.475,3.1,3.7,.824,1.3,3.7,5.0,2.9,0.9,0.4,2.3,2.8,15.9,sharpsh01
435,Ben Sheppard,SG,22,IND,29,0,10.7,1.1,3.0,.356,0.6,2.0,.276,0.5,1.0,.517,.448,0.4,0.5,.786,0.2,1.1,1.3,0.8,0.5,0.0,0.2,1.3,3.1,sheppbe01
436,Pascal Siakam,PF,29,TOT,49,49,34.4,8.5,16.0,.530,1.1,3.4,.325,7.4,12.6,.586,.565,4.0,5.3,.743,1.6,4.9,6.5,4.9,0.8,0.2,2.1,2.5,22.1,siakapa01
436,Pascal Siakam,PF,29,TOR,39,39,34.7,8.3,16.0,.522,1.2,3.7,.317,7.2,12.3,.584,.559,4.3,5.7,.758,1.4,4.9,6.3,4.9,0.8,0.3,2.1,2.2,22.2,siakapa01
436,Pascal Siakam,PF,29,IND,10,10,33.3,9.1,16.2,.562,0.9,2.4,.375,8.2,13.8,.594,.590,2.5,3.8,.658,2.5,4.8,7.3,5.2,0.8,0.2,2.0,3.4,21.6,siakapa01
437,Ben Simmons,PG,27,BRK,8,6,27.9,3.0,5.1,.585,0.0,0.0,,3.0,5.1,.585,.585,0.1,0.5,.250,2.8,7.5,10.3,7.0,0.5,0.8,2.0,2.9,6.1,simmobe01
438,Anfernee Simons,SG,24,POR,28,28,33.9,8.1,18.3,.441,3.4,8.7,.391,4.7,9.6,.485,.533,3.7,4.1,.904,0.5,3.0,3.6,5.3,0.5,0.1,2.5,2.0,23.2,simonan01
439,Jericho Sims,C,25,NYK,26,7,9.3,0.8,1.0,.741,0.0,0.0,,0.8,1.0,.741,.741,0.2,0.3,.571,0.8,1.4,2.2,0.3,0.1,0.4,0.3,0.8,1.7,simsje01
440,Dmytro Skapintsev,C,25,NYK,2,0,1.0,0.0,0.5,.000,0.0,0.0,,0.0,0.5,.000,.000,0.0,0.0,,0.0,0.0,0.0,0.0,0.0,0.0,0.0,0.0,0.0,skapidm01
441,Jalen Slawson,SF,24,SAC,5,0,3.8,0.4,0.6,.667,0.0,0.2,.000,0.4,0.4,1.000,.667,0.0,0.0,,0.0,0.8,0.8,0.4,0.0,0.2,0.4,0.6,0.8,slawsja01
442,Javonte Smart,PG,24,PHI,1,0,1.0,0.0,0.0,,0.0,0.0,,0.0,0.0,,,0.0,0.0,,0.0,0.0,0.0,0.0,0.0,0.0,0.0,0.0,0.0,smartja01
443,Marcus Smart,PG,29,MEM,20,20,30.3,5.1,11.9,.430,2.1,6.7,.313,3.0,5.2,.583,.519,2.2,2.8,.768,0.3,2.4,2.7,4.3,2.1,0.3,3.1,2.7,14.5,smartma01
444,Dennis Smith Jr.,PG,26,BRK,32,1,19.6,2.9,6.6,.434,0.5,1.9,.267,2.4,4.8,.500,.472,0.9,1.1,.806,1.0,2.3,3.3,4.0,1.2,0.2,1.2,2.4,7.2,smithde03
445,Dru Smith,SG,26,MIA,9,0,14.6,1.7,3.7,.455,0.8,1.9,.412,0.9,1.8,.500,.561,0.2,0.2,1.000,0.7,0.9,1.6,1.6,1.0,0.3,0.6,1.3,4.3,smithdr01
446,Ish Smith,PG,35,CHO,41,4,16.9,1.5,3.5,.431,0.1,0.2,.500,1.4,3.3,.426,.444,0.1,0.1,.750,0.3,1.5,1.8,3.3,0.3,0.1,1.1,1.1,3.2,smithis01
447,Jabari Smith Jr.,PF,20,HOU,44,44,31.1,4.9,10.4,.469,1.7,4.4,.376,3.2,6.0,.538,.549,1.8,2.2,.811,1.8,6.4,8.3,1.4,0.6,0.7,1.2,2.8,13.1,smithja05
448,Jalen Smith,C,23,IND,36,13,18.3,4.2,6.7,.622,1.1,2.4,.471,3.0,4.3,.708,.707,1.3,1.8,.703,1.6,4.1,5.7,1.0,0.3,0.6,0.8,2.3,10.7,smithja04
449,Nick Smith Jr.,SG,19,CHO,33,0,15.6,2.5,5.9,.413,1.4,3.0,.459,1.1,3.0,.367,.528,0.1,0.2,.800,0.5,1.0,1.5,1.1,0.2,0.2,0.8,1.3,6.4,smithni01
450,Terquavion Smith,PG,21,PHI,6,0,5.5,1.5,3.3,.450,1.3,2.7,.500,0.2,0.7,.250,.650,0.3,0.5,.667,0.0,0.0,0.0,1.2,0.7,0.0,0.3,0.5,4.7,smithte01
451,Jeremy Sochan,PF,20,SAS,50,49,29.5,4.5,10.2,.439,1.0,2.9,.350,3.5,7.3,.474,.488,1.6,2.0,.775,1.9,4.3,6.2,3.7,0.7,0.5,2.0,2.4,11.5,sochaje01
452,Jaden Springer,SG,21,PHI,30,0,11.1,1.3,3.4,.392,0.3,1.1,.250,1.1,2.3,.457,.431,0.8,1.0,.800,0.7,0.9,1.6,1.0,0.7,0.3,0.8,1.5,3.7,sprinja01
453,Lamar Stevens,PF,26,BOS,19,1,6.4,1.1,2.4,.467,0.2,0.4,.375,0.9,1.9,.486,.500,0.4,0.6,.727,0.6,1.0,1.6,0.4,0.3,0.3,0.5,0.7,2.8,stevela01
454,Isaiah Stewart,PF,22,DET,35,34,30.6,4.1,8.6,.470,1.4,3.7,.374,2.7,4.9,.544,.551,1.5,2.0,.746,1.8,5.0,6.8,1.7,0.4,0.8,1.5,2.5,11.0,stewais01
455,Julian Strawther,SF,21,DEN,33,0,13.9,2.2,5.6,.384,1.1,3.5,.322,1.0,2.1,.486,.484,0.5,0.7,.696,0.1,1.4,1.5,1.1,0.5,0.2,0.5,1.4,5.9,strawju01
456,Max Strus,SF,27,CLE,47,47,32.9,4.4,11.1,.400,2.5,7.4,.335,2.0,3.7,.528,.511,1.1,1.3,.806,0.8,4.2,5.0,3.7,0.9,0.5,1.6,2.7,12.4,strusma01
457,Jalen Suggs,SG,22,ORL,46,46,26.7,4.4,9.8,.447,2.0,5.2,.385,2.4,4.6,.516,.549,1.5,2.0,.772,0.7,2.6,3.3,2.4,1.4,0.6,1.9,2.8,12.3,suggsja01
458,Cole Swider,SF,24,MIA,9,0,4.9,1.0,2.3,.429,0.6,1.7,.333,0.4,0.7,.667,.548,0.0,0.0,,0.1,0.1,0.2,0.3,0.1,0.1,0.3,0.2,2.6,swideco01
459,Jae'Sean Tate,SF,28,HOU,46,9,17.9,1.8,3.8,.475,0.4,1.4,.292,1.4,2.4,.580,.528,0.4,0.6,.714,1.0,2.3,3.3,1.1,0.7,0.2,0.4,2.4,4.5,tateja01
460,Jayson Tatum,PF,25,BOS,47,47,35.7,9.1,19.3,.473,3.1,8.3,.371,6.0,11.0,.550,.553,5.7,6.9,.816,0.9,7.5,8.4,4.5,1.0,0.6,2.6,2.0,27.0,tatumja01
461,Terry Taylor,PF,24,CHI,18,0,7.3,0.8,1.6,.536,0.1,0.4,.143,0.8,1.2,.667,.554,0.1,0.1,1.000,0.8,0.7,1.5,0.3,0.2,0.1,0.4,0.7,1.8,taylote01
462,Garrett Temple,SG,37,TOR,14,0,3.9,0.4,1.2,.353,0.1,0.5,.286,0.3,0.7,.400,.412,0.3,0.3,1.000,0.3,0.4,0.7,0.4,0.1,0.0,0.2,0.3,1.3,templga01
463,Dalen Terry,SG,21,CHI,32,1,9.7,0.8,2.1,.373,0.3,1.2,.211,0.5,0.9,.586,.433,0.5,0.7,.727,0.3,1.3,1.6,1.2,0.3,0.3,0.5,1.2,2.3,terryda01
464,Daniel Theis,C,31,TOT,37,1,17.3,2.6,4.9,.536,0.4,1.0,.395,2.2,3.9,.573,.577,0.8,1.1,.707,1.5,2.1,3.6,1.0,0.5,0.9,0.7,2.4,6.4,theisda01
464,Daniel Theis,C,31,IND,1,0,8.0,1.0,4.0,.250,0.0,1.0,.000,1.0,3.0,.333,.250,0.0,0.0,,0.0,0.0,0.0,0.0,0.0,0.0,0.0,1.0,2.0,theisda01
464,Daniel Theis,C,31,LAC,36,1,17.6,2.7,4.9,.542,0.4,1.0,.405,2.3,3.9,.579,.585,0.8,1.1,.707,1.6,2.2,3.7,1.1,0.5,0.9,0.7,2.4,6.6,theisda01
465,Cam Thomas,SG,22,BRK,39,24,29.2,7.8,17.3,.453,2.0,5.5,.363,5.8,11.8,.495,.510,4.0,4.8,.829,0.3,2.4,2.7,2.4,0.6,0.3,1.8,2.0,21.7,thomaca02
466,Amen Thompson,SF,21,HOU,30,1,16.7,2.6,5.3,.488,0.2,1.2,.171,2.4,4.2,.576,.506,1.4,2.1,.694,1.1,3.4,4.5,2.2,1.1,0.4,1.2,2.0,6.8,thompam01
467,Ausar Thompson,SF,21,DET,49,24,23.6,3.4,7.2,.476,0.2,1.6,.150,3.2,5.6,.571,.493,1.2,1.8,.644,2.2,4.4,6.6,1.9,0.9,1.0,1.3,2.7,8.3,thompau01
468,Klay Thompson,SF,33,GSW,44,44,30.9,6.1,14.6,.415,3.3,8.9,.374,2.7,5.7,.478,.529,1.8,2.0,.910,0.5,2.9,3.4,2.3,0.6,0.5,1.6,1.9,17.3,thompkl01
469,Tristan Thompson,PF,32,CLE,36,0,12.4,1.7,2.6,.649,0.0,0.0,.000,1.7,2.6,.656,.649,0.4,1.2,.310,1.6,2.3,3.9,1.1,0.2,0.3,0.6,1.4,3.8,thomptr01
470,JT Thor,PF,21,CHO,40,1,13.7,1.3,3.5,.370,0.5,1.5,.317,0.8,2.0,.410,.438,0.2,0.3,.538,1.0,1.7,2.6,0.4,0.2,0.4,0.3,1.0,3.2,thorjt01
471,Matisse Thybulle,SF,26,POR,48,16,22.9,2.0,4.8,.410,1.4,3.8,.359,0.6,1.0,.604,.552,0.3,0.4,.778,0.4,1.5,1.9,1.2,1.6,0.8,0.5,1.4,5.6,thybuma01
472,Xavier Tillman Sr.,C,25,MEM,34,13,20.6,2.6,6.3,.408,0.4,1.6,.226,2.2,4.7,.469,.437,0.5,1.3,.419,1.6,3.0,4.6,1.7,1.2,1.0,0.9,1.8,6.0,tillmxa01
473,Jacob Toppin,SF,23,NYK,3,0,1.3,0.0,0.0,,0.0,0.0,,0.0,0.0,,,0.0,0.0,,0.0,0.0,0.0,0.3,0.0,0.3,0.0,0.0,0.0,toppija01
474,Obi Toppin,PF,25,IND,51,28,22.8,4.3,7.6,.566,1.2,3.2,.391,3.1,4.5,.689,.647,1.1,1.4,.761,1.1,2.8,4.0,1.6,0.5,0.5,0.9,2.0,10.9,toppiob01
475,Juan Toscano-Anderson,SF,30,SAC,11,0,4.8,0.3,1.1,.250,0.1,0.4,.250,0.2,0.7,.250,.292,0.0,0.0,,0.4,0.9,1.3,0.4,0.1,0.1,0.2,1.0,0.6,toscaju01
476,Karl-Anthony Towns,PF,28,MIN,49,49,33.1,8.1,15.6,.517,2.2,5.0,.437,5.9,10.6,.555,.587,4.2,4.8,.876,1.4,7.2,8.7,3.0,0.7,0.6,2.9,3.3,22.5,townska01
477,Gary Trent Jr.,SG,25,TOR,44,14,26.4,4.5,10.4,.430,2.5,5.8,.426,2.0,4.6,.436,.549,0.6,1.0,.651,0.3,2.0,2.3,1.5,0.9,0.1,0.7,1.3,12.1,trentga02
478,Oscar Tshiebwe,PF,24,IND,6,0,5.7,1.3,2.7,.500,0.0,0.0,,1.3,2.7,.500,.500,0.8,1.0,.833,1.0,1.0,2.0,0.3,0.3,0.0,0.0,0.2,3.5,tshieos01
479,P.J. Tucker,PF,38,TOT,15,3,15.9,0.4,1.3,.316,0.3,1.1,.313,0.1,0.2,.333,.447,0.2,0.2,1.000,1.1,1.8,2.9,0.5,0.6,0.2,0.3,2.3,1.3,tuckepj01
479,P.J. Tucker,PF,38,PHI,3,3,22.0,0.7,1.7,.400,0.7,1.7,.400,0.0,0.0,,.600,0.0,0.0,,0.3,4.3,4.7,0.0,1.0,0.7,0.7,3.0,2.0,tuckepj01
479,P.J. Tucker,PF,38,LAC,12,0,14.4,0.3,1.2,.286,0.3,0.9,.273,0.1,0.3,.333,.393,0.3,0.3,1.000,1.3,1.2,2.4,0.7,0.5,0.1,0.2,2.2,1.2,tuckepj01
480,Myles Turner,C,27,IND,48,48,27.3,6.1,11.9,.518,1.3,4.0,.332,4.8,7.9,.613,.574,3.3,4.2,.787,1.7,5.3,7.0,1.3,0.5,1.8,1.5,3.2,16.9,turnemy01
481,Hunter Tyson,PF,23,DEN,9,0,3.0,0.1,0.8,.143,0.0,0.7,.000,0.1,0.1,1.000,.143,0.0,0.0,,0.0,0.7,0.7,0.1,0.0,0.0,0.2,0.7,0.2,tysonhu01
482,Stanley Umude,SG,24,DET,15,0,10.3,1.3,2.9,.455,0.9,1.8,.519,0.4,1.1,.353,.614,1.4,1.5,.913,0.2,1.7,1.9,0.5,0.3,0.3,0.7,1.6,5.0,umudest01
483,Jonas Valančiūnas,C,31,NOP,49,49,26.3,5.6,9.8,.573,0.6,1.8,.345,5.0,8.0,.624,.605,2.4,3.0,.791,2.6,7.0,9.7,2.4,0.5,1.1,1.4,3.0,14.2,valanjo01
484,Jarred Vanderbilt,PF,24,LAL,29,6,20.0,2.0,3.9,.518,0.3,0.9,.296,1.8,3.0,.586,.553,0.8,1.2,.667,1.4,3.3,4.8,1.2,1.2,0.2,1.0,1.5,5.2,vandeja01
485,Fred VanVleet,PG,29,HOU,47,47,36.7,5.5,13.5,.409,2.9,7.7,.374,2.6,5.8,.456,.516,2.6,3.0,.859,0.4,3.4,3.7,8.2,1.1,1.0,1.6,2.2,16.5,vanvlfr01
486,Devin Vassell,SG,23,SAS,45,39,31.6,6.8,14.6,.467,2.5,6.8,.366,4.4,7.8,.555,.552,2.5,3.1,.801,0.4,3.3,3.6,3.6,1.1,0.3,1.4,1.0,18.7,vassede01
487,Sasha Vezenkov,PF,28,SAC,33,0,12.7,2.2,4.8,.456,1.1,2.9,.375,1.1,1.9,.581,.570,0.2,0.3,.700,0.9,1.7,2.6,0.4,0.5,0.2,0.3,0.9,5.7,vezenal01
488,Gabe Vincent,PG,27,LAL,5,0,25.4,2.4,6.4,.375,0.4,3.4,.118,2.0,3.0,.667,.406,0.2,0.4,.500,0.4,0.6,1.0,3.0,1.2,0.0,0.4,2.4,5.4,vincega01
489,Nikola Vučević,C,33,CHI,45,43,33.9,7.4,15.5,.475,1.1,4.0,.269,6.3,11.4,.548,.510,1.3,1.5,.868,2.6,8.0,10.6,3.5,0.7,0.8,1.5,2.5,17.1,vucevni01
490,Dean Wade,PF,27,CLE,40,30,21.8,1.9,4.5,.411,1.5,3.9,.394,0.3,0.6,.520,.581,0.4,0.5,.789,0.8,3.6,4.4,0.9,0.9,0.4,0.5,2.0,5.6,wadede01
491,Franz Wagner,SF,22,ORL,42,42,33.1,7.7,16.3,.473,1.6,5.0,.314,6.1,11.3,.543,.521,3.8,4.4,.854,1.1,4.5,5.6,4.0,1.1,0.3,1.9,2.4,20.8,wagnefr01
492,Moritz Wagner,C,26,ORL,48,1,18.9,4.3,7.4,.589,0.5,1.6,.329,3.8,5.8,.661,.625,2.2,2.8,.793,1.5,3.1,4.6,1.3,0.5,0.3,1.1,2.2,11.4,wagnemo01
493,Ish Wainright,SF,29,POR,7,0,6.6,0.9,2.6,.333,0.9,2.3,.375,0.0,0.3,.000,.500,0.3,0.3,1.000,0.0,1.3,1.3,0.0,0.3,0.1,0.1,0.6,2.9,wainris01
494,Jabari Walker,SF,21,POR,46,12,21.6,3.0,6.4,.469,0.6,2.0,.280,2.4,4.4,.557,.514,1.7,2.3,.755,1.9,4.4,6.4,0.8,0.6,0.4,1.0,2.2,8.3,walkeja01
495,Jarace Walker,PF,20,IND,17,0,10.2,1.6,3.9,.424,0.7,1.9,.375,0.9,2.0,.471,.515,0.4,0.4,.857,0.5,1.2,1.7,1.2,0.5,0.4,0.6,1.0,4.4,walkeja02
496,Lonnie Walker IV,SG,25,BRK,30,0,19.3,4.5,9.5,.475,2.2,5.1,.435,2.3,4.3,.523,.593,1.1,1.4,.767,0.3,1.9,2.2,1.6,0.7,0.3,1.1,1.3,12.3,walkelo01
497,Cason Wallace,SG,20,OKC,50,9,21.1,2.6,5.2,.510,1.1,2.7,.416,1.5,2.4,.615,.620,0.4,0.5,.833,0.6,1.6,2.3,1.4,0.7,0.4,0.5,1.8,6.8,wallaca01
498,Jordan Walsh,SF,19,BOS,3,0,5.0,0.3,0.7,.500,0.0,0.3,.000,0.3,0.3,1.000,.500,0.0,0.0,,0.3,1.7,2.0,0.7,0.3,0.0,0.0,0.7,0.7,walshjo01
499,P.J. Washington,PF,25,CHO,42,17,29.0,5.2,11.5,.452,1.9,5.6,.333,3.4,6.0,.564,.533,1.5,2.0,.733,1.2,4.0,5.2,2.2,0.9,0.8,1.5,2.6,13.8,washipj01
500,TyTy Washington Jr.,PG,22,MIL,2,0,3.0,0.5,1.5,.333,0.5,1.0,.500,0.0,0.5,.000,.500,0.0,0.0,,0.0,0.5,0.5,0.0,0.5,0.0,1.0,0.0,1.5,washity02
501,Yuta Watanabe,SF,29,PHO,28,0,13.6,1.3,3.5,.361,0.9,2.7,.320,0.4,0.8,.500,.485,0.4,0.5,.667,0.4,1.2,1.6,0.4,0.3,0.3,0.6,1.2,3.7,watanyu01
502,Lindy Waters III,SG,26,OKC,20,0,7.7,1.0,2.3,.435,0.9,2.2,.419,0.1,0.2,.667,.630,0.0,0.0,,0.1,1.0,1.0,0.6,0.0,0.2,0.2,0.8,2.9,waterli01
503,Trendon Watford,PF,23,BRK,34,0,11.7,2.3,4.2,.545,0.3,0.9,.367,2.0,3.3,.593,.584,0.7,0.9,.828,0.9,1.9,2.7,1.5,0.4,0.2,0.7,1.6,5.6,watfotr01
504,Peyton Watson,SF,21,DEN,49,3,18.1,2.7,5.6,.482,0.7,2.1,.340,2.0,3.5,.567,.546,1.0,1.4,.696,0.6,2.2,2.8,1.0,0.6,0.9,0.6,1.7,7.1,watsope01
505,Victor Wembanyama,C,20,SAS,44,44,28.6,7.5,16.2,.462,1.5,4.9,.301,6.0,11.3,.532,.508,4.0,4.9,.813,2.3,8.0,10.3,3.2,1.2,3.1,3.4,2.3,20.4,wembavi01
506,Blake Wesley,SG,20,SAS,29,1,11.7,1.5,3.1,.483,0.1,0.7,.105,1.4,2.4,.586,.494,0.4,0.9,.520,0.2,0.9,1.1,2.3,0.5,0.1,0.6,1.4,3.5,weslebl01
507,Russell Westbrook,PG,35,LAC,48,10,22.8,4.6,9.8,.467,0.7,2.3,.295,3.9,7.5,.521,.502,1.6,2.3,.670,1.5,4.1,5.6,4.7,1.1,0.4,2.1,1.8,11.4,westbru01
508,Coby White,PG,23,CHI,50,50,36.0,6.9,14.9,.463,2.8,7.1,.394,4.1,7.8,.526,.557,2.6,3.2,.818,0.5,4.2,4.7,5.1,0.7,0.3,2.2,2.3,19.2,whiteco01
509,Derrick White,SG,29,BOS,46,46,32.0,5.4,11.8,.457,2.7,6.7,.399,2.7,5.1,.532,.570,2.2,2.5,.888,0.7,3.3,4.0,4.7,1.0,1.2,1.6,2.2,15.7,whitede01
510,Cam Whitmore,SF,19,HOU,26,1,16.8,4.3,9.0,.481,1.7,4.3,.396,2.7,4.8,.556,.574,1.5,2.2,.655,0.7,3.0,3.8,0.4,0.7,0.2,0.7,1.3,11.8,whitmca01
511,Aaron Wiggins,SG,25,OKC,47,0,14.1,2.4,4.1,.588,0.8,1.5,.514,1.7,2.6,.629,.680,0.5,0.7,.750,0.7,1.7,2.3,1.0,0.5,0.1,0.6,1.2,6.1,wiggiaa01
512,Andrew Wiggins,SF,28,GSW,42,31,27.1,4.6,10.6,.437,1.0,3.1,.311,3.7,7.5,.490,.483,1.9,2.7,.717,1.6,2.6,4.2,1.5,0.4,0.5,1.3,2.3,12.2,wiggian01
513,Lindell Wigginton,PG,25,MIL,3,0,2.7,0.7,1.7,.400,0.0,0.7,.000,0.7,1.0,.667,.400,0.7,0.7,1.000,0.0,0.0,0.0,0.0,0.0,0.0,0.3,0.3,2.0,wiggili01
514,Brandon Williams,PG,24,DAL,7,0,6.1,1.1,2.3,.500,0.3,0.7,.400,0.9,1.6,.545,.563,0.7,1.3,.556,0.3,0.4,0.7,1.1,0.1,0.1,0.3,0.1,3.3,willibr03
515,Grant Williams,PF,25,DAL,45,33,26.5,2.8,6.8,.410,1.7,4.5,.373,1.1,2.3,.485,.534,0.8,1.1,.729,1.0,2.6,3.5,1.8,0.5,0.6,1.1,3.0,8.1,willigr01
516,Jalen Williams,PF,22,OKC,44,44,31.9,7.3,13.5,.539,1.4,3.2,.450,5.9,10.4,.566,.591,2.6,3.3,.806,0.5,3.5,4.0,4.5,1.1,0.5,1.7,2.7,18.7,willija06
517,Jaylin Williams,C,21,OKC,42,0,12.2,1.3,3.2,.397,0.7,2.1,.345,0.6,1.2,.490,.507,0.4,0.5,.842,0.5,2.7,3.2,1.3,0.4,0.4,0.4,1.5,3.7,willija07
518,Jeenathan Williams,SG,24,HOU,7,0,7.9,1.4,3.3,.435,0.1,0.4,.333,1.3,2.9,.450,.457,0.6,0.7,.800,0.7,0.1,0.9,0.4,0.3,0.0,0.1,0.7,3.6,willije02
519,Kenrich Williams,PF,29,OKC,39,1,15.3,1.9,3.9,.474,0.8,2.1,.400,1.1,1.9,.554,.578,0.1,0.3,.300,0.8,2.2,2.9,1.2,0.6,0.2,0.4,1.4,4.6,willike04
520,Mark Williams,C,22,CHO,19,19,26.7,5.2,7.9,.649,0.0,0.0,,5.2,7.9,.649,.649,2.4,3.4,.719,4.0,5.7,9.7,1.2,0.8,1.1,0.9,2.6,12.7,willima07
521,Patrick Williams,PF,22,CHI,43,30,27.3,3.7,8.3,.443,1.4,3.4,.399,2.3,4.9,.474,.525,1.2,1.5,.788,1.1,2.8,3.9,1.5,0.9,0.8,1.3,2.0,10.0,willipa01
522,Robert Williams,C,26,POR,6,0,19.8,2.8,4.3,.654,0.0,0.0,,2.8,4.3,.654,.654,1.2,1.5,.778,1.8,4.5,6.3,0.8,1.2,1.2,1.2,2.8,6.8,williro04
523,Vince Williams Jr.,SG,23,MEM,38,19,25.2,2.8,6.3,.444,1.5,4.1,.377,1.3,2.2,.565,.565,1.7,2.2,.786,1.3,4.2,5.5,2.2,0.7,0.7,1.2,2.5,8.8,willivi01
524,Ziaire Williams,SF,22,MEM,44,9,18.8,2.7,7.0,.390,1.1,3.5,.314,1.6,3.5,.467,.469,1.1,1.3,.831,0.7,2.7,3.4,1.5,0.6,0.2,1.3,1.7,7.7,willizi02
525,Zion Williamson,PF,23,NOP,39,39,30.4,8.8,15.0,.589,0.1,0.3,.364,8.7,14.7,.593,.592,4.5,6.8,.668,1.7,3.8,5.5,4.6,1.0,0.4,2.6,2.4,22.3,willizi01
526,Jalen Wilson,PF,23,BRK,11,0,9.5,1.5,2.9,.500,0.2,0.7,.250,1.3,2.2,.583,.531,1.4,1.4,1.000,1.4,0.8,2.2,0.8,0.3,0.1,0.3,0.8,4.5,wilsoja03
527,Dylan Windler,SF,27,TOT,6,0,2.7,0.7,1.2,.571,0.7,1.0,.667,0.0,0.2,.000,.857,0.0,0.0,,0.0,0.5,0.5,0.5,0.0,0.0,0.0,0.3,2.0,windldy01
527,Dylan Windler,SF,27,NYK,3,0,2.3,0.3,0.7,.500,0.3,0.7,.500,0.0,0.0,,.750,0.0,0.0,,0.0,0.3,0.3,0.3,0.0,0.0,0.0,0.3,1.0,windldy01
527,Dylan Windler,SF,27,LAL,3,0,3.0,1.0,1.7,.600,1.0,1.3,.750,0.0,0.3,.000,.900,0.0,0.0,,0.0,0.7,0.7,0.7,0.0,0.0,0.0,0.3,3.0,windldy01
528,James Wiseman,C,22,DET,31,0,13.9,2.5,3.7,.672,0.0,0.1,.000,2.5,3.7,.684,.672,0.7,1.1,.629,1.3,2.6,3.9,0.6,0.1,0.6,0.8,1.9,5.7,wisemja01
529,Christian Wood,PF,28,LAL,45,1,18.0,2.4,5.4,.456,0.7,2.3,.305,1.7,3.0,.574,.523,1.3,1.9,.686,0.8,4.4,5.2,1.0,0.3,0.7,1.1,1.4,6.9,woodch01
530,Delon Wright,PG,31,WAS,28,0,15.2,1.6,4.1,.386,0.5,1.3,.371,1.1,2.8,.392,.443,0.8,1.0,.815,0.4,1.6,2.0,2.8,1.1,0.3,0.4,0.7,4.4,wrighde01
531,Thaddeus Young,PF,35,TOR,21,6,15.3,2.4,4.0,.614,0.0,0.3,.167,2.4,3.7,.649,.620,0.2,0.5,.400,1.2,1.9,3.1,2.3,0.8,0.1,0.5,1.7,5.1,youngth01
532,Trae Young,PG,25,ATL,44,44,36.6,8.5,19.7,.433,3.4,9.0,.383,5.1,10.8,.474,.520,6.8,8.0,.860,0.5,2.3,2.8,10.9,1.5,0.2,4.3,2.0,27.3,youngtr01
533,Omer Yurtseven,C,25,UTA,27,6,9.8,1.4,3.0,.488,0.1,0.6,.200,1.3,2.4,.554,.506,0.2,0.4,.545,1.3,2.5,3.9,0.5,0.1,0.4,0.9,1.3,3.2,yurtsom01
534,Cody Zeller,C,31,NOP,34,0,8.3,0.6,1.5,.392,0.0,0.1,.333,0.6,1.4,.396,.402,0.6,1.0,.600,1.1,1.6,2.7,1.0,0.2,0.1,0.4,1.1,1.8,zelleco01
535,Ivica Zubac,C,26,LAC,39,39,26.9,5.2,8.0,.653,0.0,0.0,,5.2,8.0,.653,.653,1.7,2.7,.648,3.2,6.4,9.6,1.2,0.2,1.3,1.1,2.9,12.2,zubaciv01